timestamp,document,total_tokens,num_chunks,avg_chunk_size,max_chunk_size,min_chunk_size,tokenization_time,chunking_time
Biosafety_Guidance.txt,6214,15,414,500,214,0.05,0.02,2024-08-29T11:50:44.991796
Biosafety_Guidance.txt,10,474.5,500,245,2024-08-29T11:50:45.042288
Biosafety_Guidance.txt,6214,15,414,500,214,0.05,0.02,2024-08-29T12:06:58.346787
Biosafety_Guidance.txt,10,474.5,500,245,2024-08-29T12:06:58.382579
Biosafety_Guidance.txt,6214,15,414,500,214,0.05,0.02,2024-08-29T12:07:43.964939
Biosafety_Guidance.txt,10,474.5,500,245,2024-08-29T12:07:44.007941
Biosafety_Guidance.txt,6214,15,414,500,214,0.05,0.02,2024-08-29T12:08:53.466560
Biosafety_Guidance.txt,10,474.5,500,245,2024-08-29T12:08:53.510690
Biosafety_Guidance.txt,10,474.5,500,245,2024-08-29T12:08:53.513691
Biosafety_Guidance.txt,6214,15,414,500,214,0.05,0.02,2024-08-29T12:16:23.275899
Biosafety_Guidance.txt,6214,15,414,500,214,0.05,0.02,2024-08-29T12:18:36.191367
Biosafety_Guidance.txt,6214,15,414,500,214,0.05,0.02,2024-08-29T12:29:58.976153
Biosafety_Guidance.txt,6214,15,414,500,214,0.05,0.02,2024-08-29T12:32:43.900133
Biosafety_Guidance.txt,6214,15,414,500,214,0.05,0.02,2024-08-29T12:34:33.204969
Biosafety_Guidance.txt,6214,15,414,500,214,0.05,0.02,2024-08-29T12:46:05.326810
Biosafety_Guidance.txt,6214,15,414,500,214,0.05,0.02,2024-08-29T13:20:09.237534
Biosafety_Guidance.txt,6214,15,414,500,214,0.05,0.02,2024-08-29T13:20:52.534925
Biosafety_Guidance.txt,6214,15,414,500,214,0.05,0.02,2024-08-29T13:25:24.836855
Biosafety_Guidance.txt,6214,15,414,500,214,0.05,0.02,2024-08-29T13:26:50.241797
Biosafety_Guidance.txt,6214,15,414,500,214,0.05,0.02,2024-08-29T13:27:20.506504
Biosafety_Guidance.txt,6214,15,414,500,214,0.05,0.02,2024-08-29T13:28:33.450050
Biosafety_Guidance.txt,6214,15,414,500,214,0.05,0.02,2024-08-29T13:34:14.712236
Biosafety_Guidance.txt,6214,15,414,500,214,0.05,0.02,2024-08-29T13:40:44.115606
Biosafety_Guidance.txt,6214,15,414,500,214,0.05,0.02,2024-08-29T14:06:29.558092
4295,10,474.5,500,245,0.0,0.0,Biosafety_Guidance.txt,2024-08-29T14:06:29.622569
Biosafety_Guidance.txt,6214,15,414,500,214,0.05,0.02,2024-08-29T14:07:20.256269
4295,10,474.5,500,245,0.0,0.0,Biosafety_Guidance.txt,2024-08-29T14:07:20.293450
Biosafety_Guidance.txt,6214,15,414,500,214,0.05,0.02,2024-08-29T14:10:49.722440
Biosafety_Guidance.txt,6214,15,414,500,214,0.05,0.02,2024-08-29T14:11:04.989422
4295,10,474.5,500,245,0.0009996891021728516,0.0,Biosafety_Guidance.txt,2024-08-29T14:11:05.025422
Biosafety_Guidance.txt,6214,15,414,500,214,0.05,0.02,2024-08-29T14:11:09.815615
4295,10,474.5,500,245,0.0009996891021728516,0.0,Biosafety_Guidance.txt,2024-08-29T14:11:09.863066
4295,10,474.5,500,245,0.0,0.0019953250885009766,Biosafety_Guidance.txt,2024-08-29T14:12:00.325403
Biosafety_Guidance.txt,6214,15,414,500,214,0.05,0.02,2024-08-29T17:38:37.666289
4295,10,474.5,500,245,0.0,0.001001119613647461,Biosafety_Guidance.txt,2024-08-29T17:38:38.978368
Biosafety_Guidance.txt,6214,15,414,500,214,0.05,0.02,2024-08-29T17:39:41.955388
4295,10,474.5,500,245,0.0,0.0,Biosafety_Guidance.txt,2024-08-29T17:39:42.558513
Biosafety_Guidance.txt,6214,15,414,500,214,0.05,0.02,2024-08-29T17:40:09.842058
4295,10,474.5,500,245,0.0,0.0010840892791748047,Biosafety_Guidance.txt,2024-08-29T17:40:10.460801
Biosafety_Guidance.txt,6214,15,414,500,214,0.05,0.02,2024-08-29T17:40:49.749625
4295,10,474.5,500,245,0.0,0.0,Biosafety_Guidance.txt,2024-08-29T17:40:50.361628
Biosafety_Guidance.txt,6214,15,414,500,214,0.05,0.02,2024-08-29T17:42:21.600954
4295,10,474.5,500,245,0.0,0.0009996891021728516,Biosafety_Guidance.txt,2024-08-29T17:42:22.198831
Biosafety_Guidance.txt,6214,15,414,500,214,0.05,0.02,2024-08-29T17:46:11.175671
Biosafety_Guidance.txt,6214,15,414,500,214,0.05,0.02,2024-08-29T17:53:14.375166
Biosafety_Guidance.txt,6214,15,414,500,214,0.05,0.02,2024-08-29T18:14:15.699582
Biosafety_Guidance.txt,6214,15,414,500,214,0.05,0.02,2024-08-29T18:16:06.171189
4295,10,474.5,500,245,0.001001119613647461,0.0,Biosafety_Guidance.txt,2024-08-29T18:16:08.563743
Biosafety_Guidance.txt,6214,15,414,500,214,0.05,0.02,2024-08-29T18:19:07.077313
4295,10,474.5,500,245,0.0,0.0030002593994140625,Biosafety_Guidance.txt,2024-08-29T18:19:27.218304
Biosafety_Guidance.txt,6214,15,414,500,214,0.05,0.02,2024-08-29T18:20:50.422206
4295,10,474.5,500,245,0.0,0.0010859966278076172,Biosafety_Guidance.txt,2024-08-29T18:20:59.188970
Biosafety_Guidance.txt,6214,15,414,500,214,0.05,0.02,2024-08-29T18:27:31.192300
Biosafety_Guidance.txt,6214,15,414,500,214,0.05,0.02,2024-08-29T18:33:44.383166
Biosafety_Guidance.txt,6214,15,414,500,214,0.05,0.02,2024-08-29T18:36:21.360129
4295,10,474.5,500,245,0.0,0.0009999275207519531,Biosafety_Guidance.txt,2024-08-29T18:36:23.965285
0,0,0.0,2024-08-29T18:36:23.966277
Biosafety_Guidance.txt,6214,15,414,500,214,0.05,0.02,2024-08-29T18:37:11.521794
4295,10,474.5,500,245,0.0,0.0010001659393310547,Biosafety_Guidance.txt,2024-08-29T18:37:26.787706
0,0,0.0,2024-08-29T18:38:12.915425
Biosafety_Guidance.txt,6214,15,414,500,214,0.05,0.02,2024-08-29T18:44:38.089254
Biosafety_Guidance.txt,6214,15,414,500,214,0.05,0.02,2024-08-29T18:44:43.790293
4295,10,474.5,500,245,0.0,0.0010006427764892578,Biosafety_Guidance.txt,2024-08-29T18:44:59.201111
Biosafety_Guidance.txt,6214,15,414,500,214,0.05,0.02,2024-08-29T18:47:15.995047
Biosafety_Guidance.txt,6214,15,414,500,214,0.05,0.02,2024-08-29T18:52:07.257236
4295,10,474.5,500,245,0.0,0.001046895980834961,Biosafety_Guidance.txt,2024-08-29T18:52:17.941091
0,0,30.763230323791504,2024-08-29T18:53:27.354320
Biosafety_Guidance.txt,6214,15,414,500,214,0.05,0.02,2024-08-29T18:59:32.913733
4295,10,474.5,500,245,0.0,0.0,Biosafety_Guidance.txt,2024-08-29T18:59:35.570261
0,0,1.1698353290557861,2024-08-29T18:59:36.742047
Biosafety_Guidance.txt,6214,15,414,500,214,0.05,0.02,2024-08-29T19:15:26.880739
4295,10,474.5,500,245,0.0,0.0010118484497070312,Biosafety_Guidance.txt,2024-08-29T19:15:44.921927
Biosafety_Guidance.txt,6214,15,414,500,214,0.05,0.02,2024-08-31T22:36:15.731737
4295,10,474.5,500,245,0.0,0.0009996891021728516,Biosafety_Guidance.txt,2024-08-31T22:36:28.372293
Biosafety_Guidance.txt,6214,15,414,500,214,0.05,0.02,2024-09-03T17:36:01.732503
Biosafety_Guidance.txt,6214,15,414,500,214,0.05,0.02,2024-09-03T17:39:09.367308
Biosafety_Guidance.txt,6214,15,414,500,214,0.05,0.02,2024-09-03T17:45:19.755845
4295,10,474.5,500,245,0.0,0.0,Biosafety_Guidance.txt,2024-09-03T17:45:22.695046
0,0,1.1434197425842285,2024-09-03T17:45:23.840470
Biosafety_Guidance.txt,6214,15,414,500,214,0.05,0.02,2024-09-03T20:07:35.070017
4295,10,474.5,500,245,0.0,0.0,Biosafety_Guidance.txt,2024-09-03T20:07:38.516878
0,0,1.475696325302124,2024-09-03T20:07:39.993574
Biosafety_Guidance.txt,6214,15,414,500,214,0.05,0.02,2024-09-03T20:23:39.005451
Biosafety_Guidance.txt,6214,15,414,500,214,0.05,0.02,2024-09-03T20:48:57.865873
Biosafety_Guidance.txt,6214,15,414,500,214,0.05,0.02,2024-09-03T20:49:58.881083
Biosafety_Guidance.txt,6214,15,414,500,214,0.05,0.02,2024-09-03T20:59:43.177636
Biosafety_Guidance.txt,6214,15,414,500,214,0.05,0.02,2024-09-03T21:00:18.461547
Biosafety_Guidance.txt,6214,15,414,500,214,0.05,0.02,2024-09-03T21:01:57.468348
Biosafety_Guidance.txt,6214,15,414,500,214,0.05,0.02,2024-09-03T21:04:55.165102
Biosafety_Guidance.txt,6214,15,414,500,214,0.05,0.02,2024-09-03T21:11:02.266633
Biosafety_Guidance.txt,6214,15,414,500,214,0.05,0.02,2024-09-03T21:14:30.798878
Biosafety_Guidance.txt,6214,15,414,500,214,0.05,0.02,2024-09-03T21:16:58.582880
Biosafety_Guidance.txt,6214,15,414,500,214,0.05,0.02,2024-09-03T21:25:30.803324
Biosafety_Guidance.txt,6214,15,414,500,214,0.05,0.02,2024-09-03T21:27:02.301976
Biosafety_Guidance.txt,6214,15,414,500,214,0.05,0.02,2024-09-03T21:29:10.366194
Biosafety_Guidance.txt,6214,15,414,500,214,0.05,0.02,2024-09-04T08:54:55.782885
Biosafety_Guidance.txt,6214,15,414,500,214,0.05,0.02,2024-09-04T08:59:59.310320
Biosafety_Guidance.txt,6214,15,414,500,214,0.05,0.02,2024-09-04T09:14:36.708455
Biosafety_Guidance.txt,6214,15,414,500,214,0.05,0.02,2024-09-04T09:22:03.593324
Biosafety_Guidance.txt,6214,15,414,500,214,0.05,0.02,2024-09-04T09:25:15.286265
Biosafety_Guidance.txt,6214,15,414,500,214,0.05,0.02,2024-09-04T09:26:42.876581
Biosafety_Guidance.txt,6214,15,414,500,214,0.05,0.02,2024-09-04T09:33:51.873672
Biosafety_Guidance.txt,6214,15,414,500,214,0.05,0.02,2024-09-04T10:02:32.303618
Biosafety_Guidance.txt,6214,15,414,500,214,0.05,0.02,2024-09-04T10:04:07.157722
Biosafety_Guidance.txt,6214,15,414,500,214,0.05,0.02,2024-09-04T10:12:14.566139
Biosafety_Guidance.txt,6214,15,414,500,214,0.05,0.02,2024-09-04T10:25:14.130371
Biosafety_Guidance.txt,6214,15,414,500,214,0.05,0.02,2024-09-04T10:44:41.952760
Biosafety_Guidance.txt,6214,15,414,500,214,0.05,0.02,2024-09-04T10:45:25.357282
4295,10,474.5,500,245,0.0,0.0010006427764892578,Biosafety_Guidance.txt,2024-09-04T10:49:48.338416
4295,10,474.5,500,245,0.0,0.0009999275207519531,Biosafety_Guidance.txt,2024-09-04T10:51:47.971187
10,384,47.71567177772522,2024-09-04T10:52:41.775351
10,384,165.24317622184753,2024-09-04T10:52:48.242486
Biosafety_Guidance.txt,6214,15,414,500,214,0.05,0.02,2024-09-04T11:01:10.638594
4295,10,474.5,500,245,0.0,0.0010142326354980469,Biosafety_Guidance.txt,2024-09-04T11:02:46.756003
10,384,2.2014081478118896,2024-09-04T11:02:48.963414
Biosafety_Guidance.txt,6214,15,414,500,214,0.05,0.02,2024-09-05T14:07:34.764241
4295,10,474.5,500,245,0.0,0.0009877681732177734,Biosafety_Guidance.txt,2024-09-05T14:08:57.063961
Biosafety_Guidance.txt,6214,15,414,500,214,0.05,0.02,2024-09-05T14:13:31.116736
Biosafety_Guidance.txt,6214,15,414,500,214,0.05,0.02,2024-09-05T14:14:29.215230
4295,10,474.5,500,245,0.0009822845458984375,0.0,Biosafety_Guidance.txt,2024-09-05T14:15:33.509141
Biosafety_Guidance.txt,6214,15,414,500,214,0.05,0.02,2024-09-05T14:33:45.648240
4295,10,474.5,500,245,0.0010001659393310547,0.0,Biosafety_Guidance.txt,2024-09-05T14:38:25.567077
Biosafety_Guidance.txt,6214,15,414,500,214,0.05,0.02,2024-09-05T14:51:38.361067
4295,10,474.5,500,245,0.0,0.0010151863098144531,Biosafety_Guidance.txt,2024-09-05T14:52:52.399731
10,1536,1.7898099422454834,2024-09-05T14:52:54.195533
Biosafety_Guidance.txt,6214,15,414,500,214,0.05,0.02,2024-09-05T14:59:21.995020
4295,10,474.5,500,245,0.0,0.0010008811950683594,Biosafety_Guidance.txt,2024-09-05T14:59:57.256708
10,1536,2.0392918586730957,2024-09-05T14:59:59.297999
Biosafety_Guidance.txt,6214,15,414,500,214,0.05,0.02,2024-09-05T15:08:33.732700
4295,10,474.5,500,245,0.0,0.0,Biosafety_Guidance.txt,2024-09-05T15:09:46.827023
10,1536,1.7160882949829102,2024-09-05T15:09:48.546112
Biosafety_Guidance.txt,6214,15,414,500,214,0.05,0.02,2024-09-05T15:42:54.676920
4295,10,474.5,500,245,0.001005411148071289,0.0,Biosafety_Guidance.txt,2024-09-05T15:42:59.552569
10,1536,1725565379.5546017,1725565381.1211536,1.566551923751831,2024-09-05T15:43:01.121153
Biosafety_Guidance.txt,6214,15,414,500,214,0.05,0.02,2024-09-05T16:31:48.831130
4295,10,474.5,500,245,0.0,0.0010673999786376953,Biosafety_Guidance.txt,2024-09-05T16:31:57.319817
10,1536,1725568317.3218713,1725568319.008042,1.6861708164215088,2024-09-05T16:31:59.008041
Biosafety_Guidance.txt,6214,15,414,500,214,0.05,0.02,2024-09-05T20:03:07.989122
Biosafety_Guidance.txt,6214,15,414,500,214,0.05,0.02,2024-09-05T20:08:28.797445
Biosafety_Guidance.txt,6214,15,414,500,214,0.05,0.02,2024-09-05T21:06:23.618949
Biosafety_Guidance.txt,6214,15,414,500,214,0.05,0.02,2024-09-05T21:07:34.264171
Biosafety_Guidance.txt,6214,15,414,500,214,0.05,0.02,2024-09-05T21:25:08.215844
Biosafety_Guidance.txt,6214,15,414,500,214,0.05,0.02,2024-09-05T21:31:55.145447
Biosafety_Guidance.txt,6214,15,414,500,214,0.05,0.02,2024-09-05T21:41:22.240467
Biosafety_Guidance.txt,6214,15,414,500,214,0.05,0.02,2024-09-05T21:44:33.611402
Biosafety_Guidance.txt,6214,15,414,500,214,0.05,0.02,2024-09-05T21:47:32.323485
Biosafety_Guidance.txt,6214,15,414,500,214,0.05,0.02,2024-09-05T21:50:24.404849
Biosafety_Guidance.txt,6214,15,414,500,214,0.05,0.02,2024-09-05T21:50:49.953951
Biosafety_Guidance.txt,6214,15,414,500,214,0.05,0.02,2024-09-05T21:54:38.998396
Biosafety_Guidance.txt,6214,15,414,500,214,0.05,0.02,2024-09-05T22:07:10.694525
4295,10,474.5,500,245,0.0,0.001001119613647461,Biosafety_Guidance.txt,2024-09-05T22:10:18.877896
Biosafety_Guidance.txt,6214,15,414,500,214,0.05,0.02,2024-09-05T22:20:05.982888
4295,10,474.5,500,245,0.0,0.0009579658508300781,Biosafety_Guidance.txt,2024-09-05T22:20:35.518412
Biosafety_Guidance.txt,6214,15,414,500,214,0.05,0.02,2024-09-07T17:22:45.431167
Biosafety_Guidance.txt,6214,15,414,500,214,0.05,0.02,2024-09-07T17:38:38.484012
2024-09-08T15:02:26.278950,chunks,total_words,4295
2024-09-08T15:02:26.278950,chunks,num_chunks,10
2024-09-08T15:02:26.278950,chunks,avg_chunk_size,3527.2
2024-09-08T15:02:26.278950,chunks,max_chunk_size,5148
2024-09-08T15:02:26.278950,chunks,min_chunk_size,1730
2024-09-08T15:02:26.278950,chunks,document,Biosafety_Guidance.txt
2024-09-08T15:42:03.793270,embeddings,num_embeddings,10
2024-09-08T15:42:03.793270,embeddings,embedding_dimension,1536
2024-09-08T15:42:03.793270,embeddings,embedding_generation_start_time,1725824520.4369972
2024-09-08T15:42:03.793270,embeddings,embedding_generation_end_time,1725824523.7932708
2024-09-08T15:42:03.793270,embeddings,embedding_generation_time,3.356273651123047
2024-09-08T15:44:21.769114,embeddings,num_embeddings,10
2024-09-08T15:44:21.769114,embeddings,embedding_dimension,1536
2024-09-08T15:44:21.769114,embeddings,embedding_generation_start_time,1725824659.4178143
2024-09-08T15:44:21.769114,embeddings,embedding_generation_end_time,1725824661.769114
2024-09-08T15:44:21.769114,embeddings,embedding_generation_time,2.35129976272583
2024-09-08T15:45:48.670985,embeddings,num_embeddings,10
2024-09-08T15:45:48.670985,embeddings,embedding_dimension,1536
2024-09-08T15:45:48.670985,embeddings,embedding_generation_start_time,1725824746.4369571
2024-09-08T15:45:48.670985,embeddings,embedding_generation_end_time,1725824748.6709855
2024-09-08T15:45:48.670985,embeddings,embedding_generation_time,2.2340283393859863
2024-09-08T16:04:35.310744,embeddings,num_embeddings,10
2024-09-08T16:04:35.310744,embeddings,embedding_dimension,1536
2024-09-08T16:04:35.310744,embeddings,embedding_generation_start_time,1725825873.3350215
2024-09-08T16:04:35.310744,embeddings,embedding_generation_end_time,1725825875.3107443
2024-09-08T16:04:35.310744,embeddings,embedding_generation_time,1.9757227897644043
2024-09-10T09:49:38.124031,chunks,total_words,4295
2024-09-10T09:49:38.124031,chunks,num_chunks,10
2024-09-10T09:49:38.124031,chunks,avg_chunk_size,3527.2
2024-09-10T09:49:38.124031,chunks,max_chunk_size,5148
2024-09-10T09:49:38.124031,chunks,min_chunk_size,1730
2024-09-10T09:49:38.124031,chunks,document,Biosafety_Guidance.txt
2024-09-10T09:49:41.880869,chunks,total_words,4295
2024-09-10T09:49:41.880869,chunks,num_chunks,10
2024-09-10T09:49:41.880869,chunks,avg_chunk_size,3527.2
2024-09-10T09:49:41.880869,chunks,max_chunk_size,5148
2024-09-10T09:49:41.880869,chunks,min_chunk_size,1730
2024-09-10T09:49:41.880869,chunks,document,Biosafety_Guidance.txt
2024-09-10T09:49:42.966207,chunks,total_words,4295
2024-09-10T09:49:42.966207,chunks,num_chunks,10
2024-09-10T09:49:42.966207,chunks,avg_chunk_size,3527.2
2024-09-10T09:49:42.966207,chunks,max_chunk_size,5148
2024-09-10T09:49:42.966207,chunks,min_chunk_size,1730
2024-09-10T09:49:42.966207,chunks,document,Biosafety_Guidance.txt
2024-09-10T09:49:43.393234,chunks,total_words,4295
2024-09-10T09:49:43.393234,chunks,num_chunks,10
2024-09-10T09:49:43.393234,chunks,avg_chunk_size,3527.2
2024-09-10T09:49:43.393234,chunks,max_chunk_size,5148
2024-09-10T09:49:43.393234,chunks,min_chunk_size,1730
2024-09-10T09:49:43.393234,chunks,document,Biosafety_Guidance.txt
2024-09-10T09:49:45.073942,chunks,total_words,4295
2024-09-10T09:49:45.073942,chunks,num_chunks,10
2024-09-10T09:49:45.073942,chunks,avg_chunk_size,3527.2
2024-09-10T09:49:45.073942,chunks,max_chunk_size,5148
2024-09-10T09:49:45.073942,chunks,min_chunk_size,1730
2024-09-10T09:49:45.073942,chunks,document,Biosafety_Guidance.txt
2024-09-10T09:50:23.227953,embeddings,num_embeddings,10
2024-09-10T09:50:23.227953,embeddings,embedding_dimension,1536
2024-09-10T09:50:23.227953,embeddings,embedding_generation_start_time,1725976220.1732616
2024-09-10T09:50:23.227953,embeddings,embedding_generation_end_time,1725976223.227954
2024-09-10T09:50:23.227953,embeddings,embedding_generation_time,3.054692268371582
2024-09-10T09:54:41.700750,embeddings,num_embeddings,10
2024-09-10T09:54:41.700750,embeddings,embedding_dimension,1536
2024-09-10T09:54:41.700750,embeddings,embedding_generation_start_time,1725976479.485608
2024-09-10T09:54:41.700750,embeddings,embedding_generation_end_time,1725976481.7007508
2024-09-10T09:54:41.700750,embeddings,embedding_generation_time,2.2151427268981934
2024-09-10T10:13:46.715561,embeddings,num_embeddings,10
2024-09-10T10:13:46.715561,embeddings,embedding_dimension,1536
2024-09-10T10:13:46.715561,embeddings,embedding_generation_start_time,1725977624.2046878
2024-09-10T10:13:46.715561,embeddings,embedding_generation_end_time,1725977626.7155619
2024-09-10T10:13:46.715561,embeddings,embedding_generation_time,2.510874032974243
2024-09-10T10:16:14.099517,embeddings,num_embeddings,10
2024-09-10T10:16:14.099517,embeddings,embedding_dimension,1536
2024-09-10T10:16:14.099517,embeddings,embedding_generation_start_time,1725977772.4576056
2024-09-10T10:16:14.099517,embeddings,embedding_generation_end_time,1725977774.0995173
2024-09-10T10:16:14.099517,embeddings,embedding_generation_time,1.6419117450714111
2024-09-10T10:17:52.542347,embeddings,num_embeddings,10
2024-09-10T10:17:52.542347,embeddings,embedding_dimension,1536
2024-09-10T10:17:52.542347,embeddings,embedding_generation_start_time,1725977870.8568656
2024-09-10T10:17:52.542347,embeddings,embedding_generation_end_time,1725977872.5423472
2024-09-10T10:17:52.542347,embeddings,embedding_generation_time,1.6854815483093262
2024-09-10T10:18:15.910402,chunks,total_words,4295
2024-09-10T10:18:15.910402,chunks,num_chunks,10
2024-09-10T10:18:15.910402,chunks,avg_chunk_size,3527.2
2024-09-10T10:18:15.910402,chunks,max_chunk_size,5148
2024-09-10T10:18:15.910402,chunks,min_chunk_size,1730
2024-09-10T10:18:15.910402,chunks,document,Biosafety_Guidance.txt
2024-09-10T10:36:32.382362,embeddings,num_embeddings,10
2024-09-10T10:36:32.382362,embeddings,embedding_dimension,1536
2024-09-10T10:36:32.382362,embeddings,embedding_generation_start_time,1725978990.139678
2024-09-10T10:36:32.382362,embeddings,embedding_generation_end_time,1725978992.3823621
2024-09-10T10:36:32.382362,embeddings,embedding_generation_time,2.2426841259002686
2024-09-10T10:37:00.304791,chunks,total_words,4295
2024-09-10T10:37:00.304791,chunks,num_chunks,10
2024-09-10T10:37:00.304791,chunks,avg_chunk_size,3527.2
2024-09-10T10:37:00.304791,chunks,max_chunk_size,5148
2024-09-10T10:37:00.304791,chunks,min_chunk_size,1730
2024-09-10T10:37:00.304791,chunks,document,Biosafety_Guidance.txt
2024-09-10T10:42:31.493154,embeddings,num_embeddings,10
2024-09-10T10:42:31.493154,embeddings,embedding_dimension,1536
2024-09-10T10:42:31.493154,embeddings,embedding_generation_start_time,1725979349.3178246
2024-09-10T10:42:31.493154,embeddings,embedding_generation_end_time,1725979351.4931548
2024-09-10T10:42:31.493154,embeddings,embedding_generation_time,2.17533016204834
2024-09-10T12:24:25.191241,embeddings,num_embeddings,10
2024-09-10T12:24:25.191241,embeddings,embedding_dimension,1536
2024-09-10T12:24:25.191241,embeddings,embedding_generation_start_time,1725985463.159933
2024-09-10T12:24:25.191241,embeddings,embedding_generation_end_time,1725985465.1912415
2024-09-10T12:24:25.191241,embeddings,embedding_generation_time,2.03130841255188
2024-09-10T12:29:54.874538,chunks,total_words,4295
2024-09-10T12:29:54.874538,chunks,num_chunks,10
2024-09-10T12:29:54.874538,chunks,avg_chunk_size,3527.2
2024-09-10T12:29:54.874538,chunks,max_chunk_size,5148
2024-09-10T12:29:54.874538,chunks,min_chunk_size,1730
2024-09-10T12:29:54.874538,chunks,document,Biosafety_Guidance.txt
2024-09-12T22:45:30.525854,chunks,total_words,4295
2024-09-12T22:45:30.525854,chunks,num_chunks,10
2024-09-12T22:45:30.525854,chunks,avg_chunk_size,3527.2
2024-09-12T22:45:30.525854,chunks,max_chunk_size,5148
2024-09-12T22:45:30.525854,chunks,min_chunk_size,1730
2024-09-12T22:45:30.525854,chunks,document,Biosafety_Guidance.txt
2024-09-13T14:58:35.941460,chunks,total_words,4295
2024-09-13T14:58:35.941460,chunks,num_chunks,10
2024-09-13T14:58:35.941460,chunks,avg_chunk_size,3527.2
2024-09-13T14:58:35.941460,chunks,max_chunk_size,5148
2024-09-13T14:58:35.941460,chunks,min_chunk_size,1730
2024-09-13T14:58:35.941460,chunks,document,Biosafety_Guidance.txt
2024-09-13T15:08:25.386614,chunks,total_words,4295
2024-09-13T15:08:25.386614,chunks,num_chunks,10
2024-09-13T15:08:25.386614,chunks,avg_chunk_size,3527.2
2024-09-13T15:08:25.386614,chunks,max_chunk_size,5148
2024-09-13T15:08:25.386614,chunks,min_chunk_size,1730
2024-09-13T15:08:25.386614,chunks,document,Biosafety_Guidance.txt
2024-09-13T15:15:21.601701,chunks,total_words,4295
2024-09-13T15:15:21.601701,chunks,num_chunks,10
2024-09-13T15:15:21.601701,chunks,avg_chunk_size,3527.2
2024-09-13T15:15:21.601701,chunks,max_chunk_size,5148
2024-09-13T15:15:21.601701,chunks,min_chunk_size,1730
2024-09-13T15:15:21.601701,chunks,document,Biosafety_Guidance.txt
2024-09-13T15:18:38.059076,chunks,total_words,4295
2024-09-13T15:18:38.059076,chunks,num_chunks,10
2024-09-13T15:18:38.059076,chunks,avg_chunk_size,3527.2
2024-09-13T15:18:38.059076,chunks,max_chunk_size,5148
2024-09-13T15:18:38.059076,chunks,min_chunk_size,1730
2024-09-13T15:18:38.059076,chunks,document,Biosafety_Guidance.txt
2024-09-13T16:18:03.570218,embeddings,num_embeddings,10
2024-09-13T16:18:03.570218,embeddings,embedding_dimension,1536
2024-09-13T16:18:03.570218,embeddings,embedding_generation_start_time,1726258651.9939475
2024-09-13T16:18:03.570218,embeddings,embedding_generation_end_time,1726258683.5702183
2024-09-13T16:18:03.570218,embeddings,embedding_generation_time,31.576270818710327
2024-09-13T16:19:20.252222,chunks,total_words,4295
2024-09-13T16:19:20.252222,chunks,num_chunks,10
2024-09-13T16:19:20.252222,chunks,avg_chunk_size,3527.2
2024-09-13T16:19:20.252222,chunks,max_chunk_size,5148
2024-09-13T16:19:20.252222,chunks,min_chunk_size,1730
2024-09-13T16:19:20.252222,chunks,document,Biosafety_Guidance.txt
2024-09-13T18:19:52.893815,chunks,total_words,4295
2024-09-13T18:19:52.893815,chunks,num_chunks,10
2024-09-13T18:19:52.893815,chunks,avg_chunk_size,3527.2
2024-09-13T18:19:52.893815,chunks,max_chunk_size,5148
2024-09-13T18:19:52.893815,chunks,min_chunk_size,1730
2024-09-13T18:19:52.893815,chunks,document,Biosafety_Guidance.txt
2024-09-13T18:41:14.938633,embeddings,num_embeddings,10
2024-09-13T18:41:14.938633,embeddings,embedding_dimension,1536
2024-09-13T18:41:14.938633,embeddings,embedding_generation_start_time,1726267267.7065547
2024-09-13T18:41:14.938633,embeddings,embedding_generation_end_time,1726267269.7098386
2024-09-13T18:41:14.938633,embeddings,embedding_generation_time,2.003283977508545
2024-09-13T18:43:57.784460,chunks,total_words,4295
2024-09-13T18:43:57.784460,chunks,num_chunks,10
2024-09-13T18:43:57.784460,chunks,avg_chunk_size,3527.2
2024-09-13T18:43:57.784460,chunks,max_chunk_size,5148
2024-09-13T18:43:57.784460,chunks,min_chunk_size,1730
2024-09-13T18:43:57.784460,chunks,document,Biosafety_Guidance.txt
2024-09-13T18:50:51.592781,embeddings,num_embeddings,10
2024-09-13T18:50:51.592781,embeddings,embedding_dimension,1536
2024-09-13T18:50:51.592781,embeddings,embedding_generation_start_time,1726267845.9782615
2024-09-13T18:50:51.592781,embeddings,embedding_generation_end_time,1726267847.7394674
2024-09-13T18:50:51.592781,embeddings,embedding_generation_time,1.7612059116363525
2024-09-13T18:50:51.720764,chunks,total_words,4295
2024-09-13T18:50:51.720764,chunks,num_chunks,10
2024-09-13T18:50:51.720764,chunks,avg_chunk_size,3527.2
2024-09-13T18:50:51.720764,chunks,max_chunk_size,5148
2024-09-13T18:50:51.720764,chunks,min_chunk_size,1730
2024-09-13T18:50:51.720764,chunks,document,Biosafety_Guidance.txt
2024-09-13T18:50:57.754983,chunks,total_words,4295
2024-09-13T18:50:57.754983,chunks,num_chunks,10
2024-09-13T18:50:57.754983,chunks,avg_chunk_size,3527.2
2024-09-13T18:50:57.754983,chunks,max_chunk_size,5148
2024-09-13T18:50:57.754983,chunks,min_chunk_size,1730
2024-09-13T18:50:57.754983,chunks,document,Biosafety_Guidance.txt
2024-09-17T12:05:11.430261,embeddings,num_embeddings,10
2024-09-17T12:05:11.430261,embeddings,embedding_dimension,1536
2024-09-17T12:05:11.430261,embeddings,embedding_generation_start_time,1726589101.7021532
2024-09-17T12:05:11.430261,embeddings,embedding_generation_end_time,1726589104.0531893
2024-09-17T12:05:11.430261,embeddings,embedding_generation_time,2.3510360717773438
2024-09-18T13:12:39.581408,embeddings,num_embeddings,10
2024-09-18T13:12:39.581408,embeddings,embedding_dimension,1536
2024-09-18T13:12:39.581408,embeddings,embedding_generation_start_time,1726679556.5518236
2024-09-18T13:12:39.581408,embeddings,embedding_generation_end_time,1726679559.5814087
2024-09-18T13:12:39.581408,embeddings,embedding_generation_time,3.029585123062134
2024-09-18T13:28:44.521446,embeddings,num_embeddings,10
2024-09-18T13:28:44.521446,embeddings,embedding_dimension,1536
2024-09-18T13:28:44.521446,embeddings,embedding_generation_start_time,1726680516.3595235
2024-09-18T13:28:44.521446,embeddings,embedding_generation_end_time,1726680518.6119244
2024-09-18T13:28:44.521446,embeddings,embedding_generation_time,2.2524008750915527
2024-09-18T13:29:11.441639,chunks,total_words,4295
2024-09-18T13:29:11.441639,chunks,num_chunks,10
2024-09-18T13:29:11.441639,chunks,avg_chunk_size,3527.2
2024-09-18T13:29:11.441639,chunks,max_chunk_size,5148
2024-09-18T13:29:11.441639,chunks,min_chunk_size,1730
2024-09-18T13:29:11.441639,chunks,document,Biosafety_Guidance.txt
2024-09-18T13:38:56.352192,embeddings,num_embeddings,10
2024-09-18T13:38:56.352192,embeddings,embedding_dimension,1536
2024-09-18T13:38:56.352192,embeddings,embedding_generation_start_time,1726681133.8589947
2024-09-18T13:38:56.352192,embeddings,embedding_generation_end_time,1726681136.3521924
2024-09-18T13:38:56.352192,embeddings,embedding_generation_time,2.4931976795196533
2024-09-18T15:52:57.856081,embeddings,num_embeddings,10
2024-09-18T15:52:57.856081,embeddings,embedding_dimension,1536
2024-09-18T15:52:57.856081,embeddings,embedding_generation_start_time,1726689172.718238
2024-09-18T15:52:57.856081,embeddings,embedding_generation_end_time,1726689174.60025
2024-09-18T15:52:57.856081,embeddings,embedding_generation_time,1.882011890411377
2024-09-18T15:53:34.384135,chunks,total_words,4295
2024-09-18T15:53:34.384135,chunks,num_chunks,10
2024-09-18T15:53:34.384135,chunks,avg_chunk_size,3527.2
2024-09-18T15:53:34.384135,chunks,max_chunk_size,5148
2024-09-18T15:53:34.384135,chunks,min_chunk_size,1730
2024-09-18T15:53:34.384135,chunks,document,Biosafety_Guidance.txt
2024-09-19T19:47:58.487861,embeddings,num_embeddings,10
2024-09-19T19:47:58.487861,embeddings,embedding_dimension,1536
2024-09-19T19:47:58.487861,embeddings,embedding_generation_start_time,1726789676.721369
2024-09-19T19:47:58.487861,embeddings,embedding_generation_end_time,1726789678.487861
2024-09-19T19:47:58.487861,embeddings,embedding_generation_time,1.7664918899536133
2024-09-19T19:52:47.983430,embeddings,num_embeddings,10
2024-09-19T19:52:47.983430,embeddings,embedding_dimension,1536
2024-09-19T19:52:47.983430,embeddings,embedding_generation_start_time,1726789966.3147764
2024-09-19T19:52:47.983430,embeddings,embedding_generation_end_time,1726789967.9834309
2024-09-19T19:52:47.983430,embeddings,embedding_generation_time,1.668654441833496
2024-09-19T19:55:35.203591,embeddings,num_embeddings,10
2024-09-19T19:55:35.203591,embeddings,embedding_dimension,1536
2024-09-19T19:55:35.203591,embeddings,embedding_generation_start_time,1726790130.7568219
2024-09-19T19:55:35.203591,embeddings,embedding_generation_end_time,1726790132.3120315
2024-09-19T19:55:35.203591,embeddings,embedding_generation_time,1.5552096366882324
2024-09-20T06:47:10.550200,embeddings,num_embeddings,10
2024-09-20T06:47:10.550200,embeddings,embedding_dimension,1536
2024-09-20T06:47:10.550200,embeddings,embedding_generation_start_time,1726829229.080753
2024-09-20T06:47:10.550200,embeddings,embedding_generation_end_time,1726829230.5502005
2024-09-20T06:47:10.550200,embeddings,embedding_generation_time,1.469447374343872
2024-09-20T07:04:10.176500,embeddings,num_embeddings,10
2024-09-20T07:04:10.176500,embeddings,embedding_dimension,1536
2024-09-20T07:04:10.176500,embeddings,embedding_generation_start_time,1726830248.7888343
2024-09-20T07:04:10.176500,embeddings,embedding_generation_end_time,1726830250.1765008
2024-09-20T07:04:10.176500,embeddings,embedding_generation_time,1.3876664638519287
2024-09-20T07:07:36.402481,embeddings,num_embeddings,10
2024-09-20T07:07:36.402481,embeddings,embedding_dimension,1536
2024-09-20T07:07:36.402481,embeddings,embedding_generation_start_time,1726830455.0754228
2024-09-20T07:07:36.402481,embeddings,embedding_generation_end_time,1726830456.4024813
2024-09-20T07:07:36.402481,embeddings,embedding_generation_time,1.3270585536956787
2024-09-20T07:15:05.718239,embeddings,num_embeddings,10
2024-09-20T07:15:05.718239,embeddings,embedding_dimension,1536
2024-09-20T07:15:05.718239,embeddings,embedding_generation_start_time,1726830904.178841
2024-09-20T07:15:05.718239,embeddings,embedding_generation_end_time,1726830905.718239
2024-09-20T07:15:05.718239,embeddings,embedding_generation_time,1.539397954940796
2024-09-20T07:25:47.598944,embeddings,num_embeddings,10
2024-09-20T07:25:47.598944,embeddings,embedding_dimension,1536
2024-09-20T07:25:47.598944,embeddings,embedding_generation_start_time,1726831546.215918
2024-09-20T07:25:47.598944,embeddings,embedding_generation_end_time,1726831547.5989444
2024-09-20T07:25:47.598944,embeddings,embedding_generation_time,1.383026361465454
2024-09-20T07:26:33.379350,embeddings,num_embeddings,10
2024-09-20T07:26:33.379350,embeddings,embedding_dimension,1536
2024-09-20T07:26:33.379350,embeddings,embedding_generation_start_time,1726831592.0892925
2024-09-20T07:26:33.379350,embeddings,embedding_generation_end_time,1726831593.3793502
2024-09-20T07:26:33.379350,embeddings,embedding_generation_time,1.29005765914917
2024-09-20T08:04:30.022612,embeddings,num_embeddings,10
2024-09-20T08:04:30.022612,embeddings,embedding_dimension,1536
2024-09-20T08:04:30.022612,embeddings,embedding_generation_start_time,1726833867.9634523
2024-09-20T08:04:30.022612,embeddings,embedding_generation_end_time,1726833870.0226123
2024-09-20T08:04:30.022612,embeddings,embedding_generation_time,2.059159994125366
2024-09-20T09:12:37.394675,embeddings,num_embeddings,10
2024-09-20T09:12:37.394675,embeddings,embedding_dimension,1536
2024-09-20T09:12:37.394675,embeddings,embedding_generation_start_time,1726837955.4324384
2024-09-20T09:12:37.394675,embeddings,embedding_generation_end_time,1726837957.3946757
2024-09-20T09:12:37.394675,embeddings,embedding_generation_time,1.9622373580932617
2024-09-24T09:45:48.085884,embeddings,num_embeddings,10
2024-09-24T09:45:48.085884,embeddings,embedding_dimension,1536
2024-09-24T09:45:48.085884,embeddings,embedding_generation_start_time,1727185540.5312045
2024-09-24T09:45:48.085884,embeddings,embedding_generation_end_time,1727185542.672412
2024-09-24T09:45:48.085884,embeddings,embedding_generation_time,2.141207456588745
2024-09-24T09:50:19.237163,embeddings,num_embeddings,10
2024-09-24T09:50:19.237163,embeddings,embedding_dimension,1536
2024-09-24T09:50:19.237163,embeddings,embedding_generation_start_time,1727185801.6841836
2024-09-24T09:50:19.237163,embeddings,embedding_generation_end_time,1727185803.5164807
2024-09-24T09:50:19.237163,embeddings,embedding_generation_time,1.8322970867156982
2024-09-24T09:52:54.360449,embeddings,num_embeddings,10
2024-09-24T09:52:54.360449,embeddings,embedding_dimension,1536
2024-09-24T09:52:54.360449,embeddings,embedding_generation_start_time,1727185968.2139676
2024-09-24T09:52:54.360449,embeddings,embedding_generation_end_time,1727185969.676444
2024-09-24T09:52:54.360449,embeddings,embedding_generation_time,1.4624764919281006
2024-09-24T09:54:42.764403,embeddings,num_embeddings,10
2024-09-24T09:54:42.764403,embeddings,embedding_dimension,1536
2024-09-24T09:54:42.764403,embeddings,embedding_generation_start_time,1727186076.9436235
2024-09-24T09:54:42.764403,embeddings,embedding_generation_end_time,1727186079.1215868
2024-09-24T09:54:42.764403,embeddings,embedding_generation_time,2.1779632568359375
2024-09-24T10:16:01.574257,embeddings,num_embeddings,10
2024-09-24T10:16:01.574257,embeddings,embedding_dimension,1536
2024-09-24T10:16:01.574257,embeddings,embedding_generation_start_time,1727187355.2049644
2024-09-24T10:16:01.574257,embeddings,embedding_generation_end_time,1727187358.9608436
2024-09-24T10:16:01.574257,embeddings,embedding_generation_time,3.7558791637420654
2024-09-24T10:18:53.113815,embeddings,num_embeddings,10
2024-09-24T10:18:53.113815,embeddings,embedding_dimension,1536
2024-09-24T10:18:53.113815,embeddings,embedding_generation_start_time,1727187527.832276
2024-09-24T10:18:53.113815,embeddings,embedding_generation_end_time,1727187530.3538942
2024-09-24T10:18:53.113815,embeddings,embedding_generation_time,2.521618127822876
2024-09-24T10:24:43.200440,embeddings,num_embeddings,10
2024-09-24T10:24:43.200440,embeddings,embedding_dimension,1536
2024-09-24T10:24:43.200440,embeddings,embedding_generation_start_time,1727187869.9140737
2024-09-24T10:24:43.200440,embeddings,embedding_generation_end_time,1727187872.6964736
2024-09-24T10:24:43.200440,embeddings,embedding_generation_time,2.782399892807007
2024-09-24T10:36:53.555288,embeddings,num_embeddings,10
2024-09-24T10:36:53.555288,embeddings,embedding_dimension,1536
2024-09-24T10:36:53.555288,embeddings,embedding_generation_start_time,1727188611.232191
2024-09-24T10:36:53.555288,embeddings,embedding_generation_end_time,1727188613.5541985
2024-09-24T10:36:53.555288,embeddings,embedding_generation_time,2.322007417678833
2024-09-24T10:42:12.862456,embeddings,num_embeddings,10
2024-09-24T10:42:12.862456,embeddings,embedding_dimension,1536
2024-09-24T10:42:12.862456,embeddings,embedding_generation_start_time,1727188929.2558863
2024-09-24T10:42:12.862456,embeddings,embedding_generation_end_time,1727188932.8614597
2024-09-24T10:42:12.862456,embeddings,embedding_generation_time,3.6055734157562256
2024-09-24T10:43:33.104277,chunks,total_words,4295
2024-09-24T10:43:33.104277,chunks,num_chunks,10
2024-09-24T10:43:33.104277,chunks,avg_chunk_size,3527.2
2024-09-24T10:43:33.104277,chunks,max_chunk_size,5148
2024-09-24T10:43:33.104277,chunks,min_chunk_size,1730
2024-09-24T10:43:33.104277,chunks,document,Biosafety_Guidance.txt
2024-09-24T10:43:39.713422,chunks,total_words,4295
2024-09-24T10:43:39.713422,chunks,num_chunks,10
2024-09-24T10:43:39.713422,chunks,avg_chunk_size,3527.2
2024-09-24T10:43:39.713422,chunks,max_chunk_size,5148
2024-09-24T10:43:39.713422,chunks,min_chunk_size,1730
2024-09-24T10:43:39.713422,chunks,document,Biosafety_Guidance.txt
2024-09-24T11:01:35.711428,embeddings,num_embeddings,10
2024-09-24T11:01:35.711428,embeddings,embedding_dimension,1536
2024-09-24T11:01:35.711428,embeddings,embedding_generation_start_time,1727190090.8719862
2024-09-24T11:01:35.711428,embeddings,embedding_generation_end_time,1727190095.7114284
2024-09-24T11:01:35.711428,embeddings,embedding_generation_time,4.839442253112793
2024-09-24T11:03:27.703286,embeddings,num_embeddings,10
2024-09-24T11:03:27.703286,embeddings,embedding_dimension,1536
2024-09-24T11:03:27.703286,embeddings,embedding_generation_start_time,1727190205.6580806
2024-09-24T11:03:27.703286,embeddings,embedding_generation_end_time,1727190207.7032864
2024-09-24T11:03:27.703286,embeddings,embedding_generation_time,2.04520583152771
2024-09-24T11:05:01.090574,embeddings,num_embeddings,10
2024-09-24T11:05:01.090574,embeddings,embedding_dimension,1536
2024-09-24T11:05:01.090574,embeddings,embedding_generation_start_time,1727190299.0524762
2024-09-24T11:05:01.090574,embeddings,embedding_generation_end_time,1727190301.090574
2024-09-24T11:05:01.090574,embeddings,embedding_generation_time,2.038097858428955
2024-09-24T11:07:10.842773,embeddings,num_embeddings,10
2024-09-24T11:07:10.842773,embeddings,embedding_dimension,1536
2024-09-24T11:07:10.842773,embeddings,embedding_generation_start_time,1727190427.8480418
2024-09-24T11:07:10.842773,embeddings,embedding_generation_end_time,1727190430.8427737
2024-09-24T11:07:10.842773,embeddings,embedding_generation_time,2.994731903076172
2024-09-24T11:42:08.946990,embeddings,num_embeddings,10
2024-09-24T11:42:08.946990,embeddings,embedding_dimension,1536
2024-09-24T11:42:08.946990,embeddings,embedding_generation_start_time,1727192526.337153
2024-09-24T11:42:08.946990,embeddings,embedding_generation_end_time,1727192528.94699
2024-09-24T11:42:08.946990,embeddings,embedding_generation_time,2.609837055206299
2024-09-24T11:43:21.588625,embeddings,num_embeddings,10
2024-09-24T11:43:21.588625,embeddings,embedding_dimension,1536
2024-09-24T11:43:21.588625,embeddings,embedding_generation_start_time,1727192598.7827895
2024-09-24T11:43:21.588625,embeddings,embedding_generation_end_time,1727192601.5886254
2024-09-24T11:43:21.588625,embeddings,embedding_generation_time,2.8058359622955322
2024-09-24T11:43:41.419382,chunks,total_words,4295
2024-09-24T11:43:41.419382,chunks,num_chunks,10
2024-09-24T11:43:41.419382,chunks,avg_chunk_size,3527.2
2024-09-24T11:43:41.419382,chunks,max_chunk_size,5148
2024-09-24T11:43:41.419382,chunks,min_chunk_size,1730
2024-09-24T11:43:41.419382,chunks,document,Biosafety_Guidance.txt
2024-09-24T11:43:42.848888,chunks,total_words,4295
2024-09-24T11:43:42.848888,chunks,num_chunks,10
2024-09-24T11:43:42.848888,chunks,avg_chunk_size,3527.2
2024-09-24T11:43:42.848888,chunks,max_chunk_size,5148
2024-09-24T11:43:42.848888,chunks,min_chunk_size,1730
2024-09-24T11:43:42.848888,chunks,document,Biosafety_Guidance.txt
2024-09-24T11:45:25.082242,embeddings,num_embeddings,10
2024-09-24T11:45:25.082242,embeddings,embedding_dimension,1536
2024-09-24T11:45:25.082242,embeddings,embedding_generation_start_time,1727192723.0297403
2024-09-24T11:45:25.082242,embeddings,embedding_generation_end_time,1727192725.0822425
2024-09-24T11:45:25.082242,embeddings,embedding_generation_time,2.052502155303955
2024-09-24T11:45:25.350074,chunks,total_words,4295
2024-09-24T11:45:25.350074,chunks,num_chunks,10
2024-09-24T11:45:25.350074,chunks,avg_chunk_size,3527.2
2024-09-24T11:45:25.350074,chunks,max_chunk_size,5148
2024-09-24T11:45:25.350074,chunks,min_chunk_size,1730
2024-09-24T11:45:25.350074,chunks,document,Biosafety_Guidance.txt
2024-09-24T11:45:26.902882,chunks,total_words,4295
2024-09-24T11:45:26.902882,chunks,num_chunks,10
2024-09-24T11:45:26.902882,chunks,avg_chunk_size,3527.2
2024-09-24T11:45:26.902882,chunks,max_chunk_size,5148
2024-09-24T11:45:26.902882,chunks,min_chunk_size,1730
2024-09-24T11:45:26.902882,chunks,document,Biosafety_Guidance.txt
2024-10-01T11:58:15.926785,embeddings,num_embeddings,10
2024-10-01T11:58:15.926785,embeddings,embedding_dimension,1536
2024-10-01T11:58:15.926785,embeddings,embedding_generation_start_time,1727798293.1174893
2024-10-01T11:58:15.926785,embeddings,embedding_generation_end_time,1727798295.925787
2024-10-01T11:58:15.926785,embeddings,embedding_generation_time,2.808297634124756
2024-10-01T11:58:16.232957,chunks,total_words,4295
2024-10-01T11:58:16.232957,chunks,num_chunks,10
2024-10-01T11:58:16.232957,chunks,avg_chunk_size,3527.2
2024-10-01T11:58:16.232957,chunks,max_chunk_size,5148
2024-10-01T11:58:16.232957,chunks,min_chunk_size,1730
2024-10-01T11:58:16.232957,chunks,document,Biosafety_Guidance.txt
2024-10-04T16:38:00.786086,embeddings,num_embeddings,3
2024-10-04T16:38:00.786086,embeddings,embedding_dimension,1536
2024-10-04T16:38:00.786086,embeddings,embedding_generation_start_time,1728074278.945371
2024-10-04T16:38:00.786086,embeddings,embedding_generation_end_time,1728074280.7850857
2024-10-04T16:38:00.786086,embeddings,embedding_generation_time,1.839714765548706
2024-10-04T16:38:02.336237,embeddings,num_embeddings,2
2024-10-04T16:38:02.336237,embeddings,embedding_dimension,1536
2024-10-04T16:38:02.336237,embeddings,embedding_generation_start_time,1728074280.8508794
2024-10-04T16:38:02.336237,embeddings,embedding_generation_end_time,1728074282.336237
2024-10-04T16:38:02.336237,embeddings,embedding_generation_time,1.4853575229644775
2024-10-04T16:38:03.985051,embeddings,num_embeddings,10
2024-10-04T16:38:03.985051,embeddings,embedding_dimension,1536
2024-10-04T16:38:03.985051,embeddings,embedding_generation_start_time,1728074282.3642378
2024-10-04T16:38:03.985051,embeddings,embedding_generation_end_time,1728074283.9850512
2024-10-04T16:38:03.985051,embeddings,embedding_generation_time,1.6208133697509766
2024-10-04T18:06:55.324481,embeddings,num_embeddings,3
2024-10-04T18:06:55.324481,embeddings,embedding_dimension,1536
2024-10-04T18:06:55.324481,embeddings,embedding_generation_start_time,1728079614.4241173
2024-10-04T18:06:55.324481,embeddings,embedding_generation_end_time,1728079615.3234818
2024-10-04T18:06:55.324481,embeddings,embedding_generation_time,0.8993644714355469
2024-10-04T18:06:55.869968,embeddings,num_embeddings,2
2024-10-04T18:06:55.869968,embeddings,embedding_dimension,1536
2024-10-04T18:06:55.869968,embeddings,embedding_generation_start_time,1728079615.4183033
2024-10-04T18:06:55.869968,embeddings,embedding_generation_end_time,1728079615.8699684
2024-10-04T18:06:55.869968,embeddings,embedding_generation_time,0.45166516304016113
2024-10-04T18:06:57.465316,embeddings,num_embeddings,10
2024-10-04T18:06:57.465316,embeddings,embedding_dimension,1536
2024-10-04T18:06:57.465316,embeddings,embedding_generation_start_time,1728079615.928869
2024-10-04T18:06:57.465316,embeddings,embedding_generation_end_time,1728079617.4653165
2024-10-04T18:06:57.465316,embeddings,embedding_generation_time,1.536447525024414
2024-10-05T12:12:52.150573,embeddings,num_embeddings,3
2024-10-05T12:12:52.150573,embeddings,embedding_dimension,1536
2024-10-05T12:12:52.150573,embeddings,embedding_generation_start_time,1728144771.3864248
2024-10-05T12:12:52.150573,embeddings,embedding_generation_end_time,1728144772.1505733
2024-10-05T12:12:52.150573,embeddings,embedding_generation_time,0.764148473739624
2024-10-05T12:12:52.608066,embeddings,num_embeddings,2
2024-10-05T12:12:52.608066,embeddings,embedding_dimension,1536
2024-10-05T12:12:52.608066,embeddings,embedding_generation_start_time,1728144772.2265742
2024-10-05T12:12:52.608066,embeddings,embedding_generation_end_time,1728144772.6080666
2024-10-05T12:12:52.608066,embeddings,embedding_generation_time,0.38149237632751465
2024-10-05T12:12:53.999434,embeddings,num_embeddings,10
2024-10-05T12:12:53.999434,embeddings,embedding_dimension,1536
2024-10-05T12:12:53.999434,embeddings,embedding_generation_start_time,1728144772.6320693
2024-10-05T12:12:53.999434,embeddings,embedding_generation_end_time,1728144773.9994342
2024-10-05T12:12:53.999434,embeddings,embedding_generation_time,1.3673648834228516
2024-10-05T12:15:28.644394,chunks,total_words,1318
2024-10-05T12:15:28.644394,chunks,num_chunks,3
2024-10-05T12:15:28.644394,chunks,avg_chunk_size,3316.3333333333335
2024-10-05T12:15:28.644394,chunks,max_chunk_size,3627
2024-10-05T12:15:28.644394,chunks,min_chunk_size,2825
2024-10-05T12:15:28.644394,chunks,document,b'2023-FSAP-Inspection-Report-Processing-Annual-Summary_508.pdf'
2024-10-05T12:15:30.978188,chunks,total_words,1318
2024-10-05T12:15:30.978188,chunks,num_chunks,3
2024-10-05T12:15:30.978188,chunks,avg_chunk_size,3316.3333333333335
2024-10-05T12:15:30.978188,chunks,max_chunk_size,3627
2024-10-05T12:15:30.978188,chunks,min_chunk_size,2825
2024-10-05T12:15:30.978188,chunks,document,b'2023-FSAP-Inspection-Report-Processing-Annual-Summary_508.pdf'
2024-10-05T12:15:36.075144,chunks,total_words,1318
2024-10-05T12:15:36.075144,chunks,num_chunks,3
2024-10-05T12:15:36.075144,chunks,avg_chunk_size,3316.3333333333335
2024-10-05T12:15:36.075144,chunks,max_chunk_size,3627
2024-10-05T12:15:36.075144,chunks,min_chunk_size,2825
2024-10-05T12:15:36.075144,chunks,document,b'2023-FSAP-Inspection-Report-Processing-Annual-Summary_508.pdf'
2024-10-05T12:16:15.910694,chunks,total_words,1318
2024-10-05T12:16:15.910694,chunks,num_chunks,3
2024-10-05T12:16:15.910694,chunks,avg_chunk_size,3316.3333333333335
2024-10-05T12:16:15.910694,chunks,max_chunk_size,3627
2024-10-05T12:16:15.910694,chunks,min_chunk_size,2825
2024-10-05T12:16:15.910694,chunks,document,b'2023-FSAP-Inspection-Report-Processing-Annual-Summary_508.pdf'
2024-10-05T12:16:21.304449,chunks,total_words,1318
2024-10-05T12:16:21.304449,chunks,num_chunks,3
2024-10-05T12:16:21.304449,chunks,avg_chunk_size,3316.3333333333335
2024-10-05T12:16:21.304449,chunks,max_chunk_size,3627
2024-10-05T12:16:21.304449,chunks,min_chunk_size,2825
2024-10-05T12:16:21.304449,chunks,document,b'2023-FSAP-Inspection-Report-Processing-Annual-Summary_508.pdf'
2024-10-05T12:16:29.713020,chunks,total_words,1318
2024-10-05T12:16:29.713020,chunks,num_chunks,3
2024-10-05T12:16:29.713020,chunks,avg_chunk_size,3316.3333333333335
2024-10-05T12:16:29.713020,chunks,max_chunk_size,3627
2024-10-05T12:16:29.713020,chunks,min_chunk_size,2825
2024-10-05T12:16:29.713020,chunks,document,b'2023-FSAP-Inspection-Report-Processing-Annual-Summary_508.pdf'
2024-10-05T12:16:34.828239,chunks,total_words,1318
2024-10-05T12:16:34.828239,chunks,num_chunks,3
2024-10-05T12:16:34.828239,chunks,avg_chunk_size,3316.3333333333335
2024-10-05T12:16:34.828239,chunks,max_chunk_size,3627
2024-10-05T12:16:34.828239,chunks,min_chunk_size,2825
2024-10-05T12:16:34.828239,chunks,document,b'2023-FSAP-Inspection-Report-Processing-Annual-Summary_508.pdf'
2024-10-05T12:16:35.765694,chunks,total_words,1318
2024-10-05T12:16:35.765694,chunks,num_chunks,3
2024-10-05T12:16:35.765694,chunks,avg_chunk_size,3316.3333333333335
2024-10-05T12:16:35.765694,chunks,max_chunk_size,3627
2024-10-05T12:16:35.765694,chunks,min_chunk_size,2825
2024-10-05T12:16:35.765694,chunks,document,b'2023-FSAP-Inspection-Report-Processing-Annual-Summary_508.pdf'
2024-10-05T12:16:37.890722,chunks,total_words,1318
2024-10-05T12:16:37.890722,chunks,num_chunks,3
2024-10-05T12:16:37.890722,chunks,avg_chunk_size,3316.3333333333335
2024-10-05T12:16:37.890722,chunks,max_chunk_size,3627
2024-10-05T12:16:37.890722,chunks,min_chunk_size,2825
2024-10-05T12:16:37.890722,chunks,document,b'2023-FSAP-Inspection-Report-Processing-Annual-Summary_508.pdf'
2024-10-05T12:16:47.810395,chunks,total_words,1318
2024-10-05T12:16:47.810395,chunks,num_chunks,3
2024-10-05T12:16:47.810395,chunks,avg_chunk_size,3316.3333333333335
2024-10-05T12:16:47.810395,chunks,max_chunk_size,3627
2024-10-05T12:16:47.810395,chunks,min_chunk_size,2825
2024-10-05T12:16:47.810395,chunks,document,b'2023-FSAP-Inspection-Report-Processing-Annual-Summary_508.pdf'
2024-10-05T12:16:54.288437,chunks,total_words,1318
2024-10-05T12:16:54.288437,chunks,num_chunks,3
2024-10-05T12:16:54.288437,chunks,avg_chunk_size,3316.3333333333335
2024-10-05T12:16:54.288437,chunks,max_chunk_size,3627
2024-10-05T12:16:54.288437,chunks,min_chunk_size,2825
2024-10-05T12:16:54.288437,chunks,document,b'2023-FSAP-Inspection-Report-Processing-Annual-Summary_508.pdf'
2024-10-05T12:17:42.346061,chunks,total_words,1318
2024-10-05T12:17:42.346061,chunks,num_chunks,3
2024-10-05T12:17:42.346061,chunks,avg_chunk_size,3316.3333333333335
2024-10-05T12:17:42.346061,chunks,max_chunk_size,3627
2024-10-05T12:17:42.346061,chunks,min_chunk_size,2825
2024-10-05T12:17:42.346061,chunks,document,b'2023-FSAP-Inspection-Report-Processing-Annual-Summary_508.pdf'
2024-10-05T12:19:01.065147,chunks,total_words,1318
2024-10-05T12:19:01.065147,chunks,num_chunks,3
2024-10-05T12:19:01.065147,chunks,avg_chunk_size,3316.3333333333335
2024-10-05T12:19:01.065147,chunks,max_chunk_size,3627
2024-10-05T12:19:01.065147,chunks,min_chunk_size,2825
2024-10-05T12:19:01.065147,chunks,document,b'2023-FSAP-Inspection-Report-Processing-Annual-Summary_508.pdf'
2024-10-05T12:19:05.342587,chunks,total_words,1318
2024-10-05T12:19:05.342587,chunks,num_chunks,3
2024-10-05T12:19:05.342587,chunks,avg_chunk_size,3316.3333333333335
2024-10-05T12:19:05.342587,chunks,max_chunk_size,3627
2024-10-05T12:19:05.342587,chunks,min_chunk_size,2825
2024-10-05T12:19:05.342587,chunks,document,b'2023-FSAP-Inspection-Report-Processing-Annual-Summary_508.pdf'
2024-10-05T12:19:09.393489,chunks,total_words,1318
2024-10-05T12:19:09.393489,chunks,num_chunks,3
2024-10-05T12:19:09.393489,chunks,avg_chunk_size,3316.3333333333335
2024-10-05T12:19:09.393489,chunks,max_chunk_size,3627
2024-10-05T12:19:09.393489,chunks,min_chunk_size,2825
2024-10-05T12:19:09.393489,chunks,document,b'2023-FSAP-Inspection-Report-Processing-Annual-Summary_508.pdf'
2024-10-05T12:19:10.975068,chunks,total_words,1318
2024-10-05T12:19:10.975068,chunks,num_chunks,3
2024-10-05T12:19:10.975068,chunks,avg_chunk_size,3316.3333333333335
2024-10-05T12:19:10.975068,chunks,max_chunk_size,3627
2024-10-05T12:19:10.975068,chunks,min_chunk_size,2825
2024-10-05T12:19:10.975068,chunks,document,b'2023-FSAP-Inspection-Report-Processing-Annual-Summary_508.pdf'
2024-10-05T12:19:12.525877,chunks,total_words,1318
2024-10-05T12:19:12.525877,chunks,num_chunks,3
2024-10-05T12:19:12.525877,chunks,avg_chunk_size,3316.3333333333335
2024-10-05T12:19:12.525877,chunks,max_chunk_size,3627
2024-10-05T12:19:12.525877,chunks,min_chunk_size,2825
2024-10-05T12:19:12.525877,chunks,document,b'2023-FSAP-Inspection-Report-Processing-Annual-Summary_508.pdf'
2024-10-05T12:19:13.475425,chunks,total_words,1318
2024-10-05T12:19:13.475425,chunks,num_chunks,3
2024-10-05T12:19:13.475425,chunks,avg_chunk_size,3316.3333333333335
2024-10-05T12:19:13.475425,chunks,max_chunk_size,3627
2024-10-05T12:19:13.475425,chunks,min_chunk_size,2825
2024-10-05T12:19:13.475425,chunks,document,b'2023-FSAP-Inspection-Report-Processing-Annual-Summary_508.pdf'
2024-10-05T12:19:21.265647,chunks,total_words,1318
2024-10-05T12:19:21.265647,chunks,num_chunks,3
2024-10-05T12:19:21.265647,chunks,avg_chunk_size,3316.3333333333335
2024-10-05T12:19:21.265647,chunks,max_chunk_size,3627
2024-10-05T12:19:21.265647,chunks,min_chunk_size,2825
2024-10-05T12:19:21.265647,chunks,document,b'2023-FSAP-Inspection-Report-Processing-Annual-Summary_508.pdf'
2024-10-05T12:19:25.419664,chunks,total_words,1318
2024-10-05T12:19:25.419664,chunks,num_chunks,3
2024-10-05T12:19:25.419664,chunks,avg_chunk_size,3316.3333333333335
2024-10-05T12:19:25.419664,chunks,max_chunk_size,3627
2024-10-05T12:19:25.419664,chunks,min_chunk_size,2825
2024-10-05T12:19:25.419664,chunks,document,b'2023-FSAP-Inspection-Report-Processing-Annual-Summary_508.pdf'
2024-10-05T12:19:28.355588,chunks,total_words,1318
2024-10-05T12:19:28.355588,chunks,num_chunks,3
2024-10-05T12:19:28.355588,chunks,avg_chunk_size,3316.3333333333335
2024-10-05T12:19:28.355588,chunks,max_chunk_size,3627
2024-10-05T12:19:28.355588,chunks,min_chunk_size,2825
2024-10-05T12:19:28.355588,chunks,document,b'2023-FSAP-Inspection-Report-Processing-Annual-Summary_508.pdf'
2024-10-05T12:20:09.250801,chunks,total_words,1318
2024-10-05T12:20:09.250801,chunks,num_chunks,3
2024-10-05T12:20:09.250801,chunks,avg_chunk_size,3316.3333333333335
2024-10-05T12:20:09.250801,chunks,max_chunk_size,3627
2024-10-05T12:20:09.250801,chunks,min_chunk_size,2825
2024-10-05T12:20:09.250801,chunks,document,b'2023-FSAP-Inspection-Report-Processing-Annual-Summary_508.pdf'
2024-10-05T12:25:28.731957,embeddings,num_embeddings,3
2024-10-05T12:25:28.731957,embeddings,embedding_dimension,1536
2024-10-05T12:25:28.731957,embeddings,embedding_generation_start_time,1728145223.7469637
2024-10-05T12:25:28.731957,embeddings,embedding_generation_end_time,1728145460.781455
2024-10-05T12:25:28.731957,embeddings,embedding_generation_time,237.03449130058289
2024-10-05T12:25:56.056354,chunks,total_words,1318
2024-10-05T12:25:56.056354,chunks,num_chunks,3
2024-10-05T12:25:56.056354,chunks,avg_chunk_size,3316.3333333333335
2024-10-05T12:25:56.056354,chunks,max_chunk_size,3627
2024-10-05T12:25:56.056354,chunks,min_chunk_size,2825
2024-10-05T12:25:56.056354,chunks,document,b'2023-FSAP-Inspection-Report-Processing-Annual-Summary_508.pdf'
2024-10-05T12:26:02.960361,chunks,total_words,1318
2024-10-05T12:26:02.960361,chunks,num_chunks,3
2024-10-05T12:26:02.960361,chunks,avg_chunk_size,3316.3333333333335
2024-10-05T12:26:02.960361,chunks,max_chunk_size,3627
2024-10-05T12:26:02.960361,chunks,min_chunk_size,2825
2024-10-05T12:26:02.960361,chunks,document,b'2023-FSAP-Inspection-Report-Processing-Annual-Summary_508.pdf'
2024-10-05T12:26:07.086875,chunks,total_words,1318
2024-10-05T12:26:07.086875,chunks,num_chunks,3
2024-10-05T12:26:07.086875,chunks,avg_chunk_size,3316.3333333333335
2024-10-05T12:26:07.086875,chunks,max_chunk_size,3627
2024-10-05T12:26:07.086875,chunks,min_chunk_size,2825
2024-10-05T12:26:07.086875,chunks,document,b'2023-FSAP-Inspection-Report-Processing-Annual-Summary_508.pdf'
2024-10-05T12:26:11.038424,chunks,total_words,1318
2024-10-05T12:26:11.038424,chunks,num_chunks,3
2024-10-05T12:26:11.038424,chunks,avg_chunk_size,3316.3333333333335
2024-10-05T12:26:11.038424,chunks,max_chunk_size,3627
2024-10-05T12:26:11.038424,chunks,min_chunk_size,2825
2024-10-05T12:26:11.038424,chunks,document,b'2023-FSAP-Inspection-Report-Processing-Annual-Summary_508.pdf'
2024-10-05T12:26:11.647579,chunks,total_words,1318
2024-10-05T12:26:11.647579,chunks,num_chunks,3
2024-10-05T12:26:11.647579,chunks,avg_chunk_size,3316.3333333333335
2024-10-05T12:26:11.647579,chunks,max_chunk_size,3627
2024-10-05T12:26:11.647579,chunks,min_chunk_size,2825
2024-10-05T12:26:11.647579,chunks,document,b'2023-FSAP-Inspection-Report-Processing-Annual-Summary_508.pdf'
2024-10-05T12:26:13.643752,chunks,total_words,1318
2024-10-05T12:26:13.643752,chunks,num_chunks,3
2024-10-05T12:26:13.643752,chunks,avg_chunk_size,3316.3333333333335
2024-10-05T12:26:13.643752,chunks,max_chunk_size,3627
2024-10-05T12:26:13.643752,chunks,min_chunk_size,2825
2024-10-05T12:26:13.643752,chunks,document,b'2023-FSAP-Inspection-Report-Processing-Annual-Summary_508.pdf'
2024-10-05T12:26:14.246300,chunks,total_words,1318
2024-10-05T12:26:14.246300,chunks,num_chunks,3
2024-10-05T12:26:14.246300,chunks,avg_chunk_size,3316.3333333333335
2024-10-05T12:26:14.246300,chunks,max_chunk_size,3627
2024-10-05T12:26:14.246300,chunks,min_chunk_size,2825
2024-10-05T12:26:14.246300,chunks,document,b'2023-FSAP-Inspection-Report-Processing-Annual-Summary_508.pdf'
2024-10-05T12:26:14.932495,chunks,total_words,1318
2024-10-05T12:26:14.932495,chunks,num_chunks,3
2024-10-05T12:26:14.932495,chunks,avg_chunk_size,3316.3333333333335
2024-10-05T12:26:14.932495,chunks,max_chunk_size,3627
2024-10-05T12:26:14.932495,chunks,min_chunk_size,2825
2024-10-05T12:26:14.932495,chunks,document,b'2023-FSAP-Inspection-Report-Processing-Annual-Summary_508.pdf'
2024-10-05T12:26:16.046799,chunks,total_words,1318
2024-10-05T12:26:16.046799,chunks,num_chunks,3
2024-10-05T12:26:16.046799,chunks,avg_chunk_size,3316.3333333333335
2024-10-05T12:26:16.046799,chunks,max_chunk_size,3627
2024-10-05T12:26:16.046799,chunks,min_chunk_size,2825
2024-10-05T12:26:16.046799,chunks,document,b'2023-FSAP-Inspection-Report-Processing-Annual-Summary_508.pdf'
2024-10-05T12:26:21.560059,chunks,total_words,1318
2024-10-05T12:26:21.560059,chunks,num_chunks,3
2024-10-05T12:26:21.560059,chunks,avg_chunk_size,3316.3333333333335
2024-10-05T12:26:21.560059,chunks,max_chunk_size,3627
2024-10-05T12:26:21.560059,chunks,min_chunk_size,2825
2024-10-05T12:26:21.560059,chunks,document,b'2023-FSAP-Inspection-Report-Processing-Annual-Summary_508.pdf'
2024-10-05T12:26:41.059701,chunks,total_words,1318
2024-10-05T12:26:41.059701,chunks,num_chunks,3
2024-10-05T12:26:41.059701,chunks,avg_chunk_size,3316.3333333333335
2024-10-05T12:26:41.059701,chunks,max_chunk_size,3627
2024-10-05T12:26:41.059701,chunks,min_chunk_size,2825
2024-10-05T12:26:41.059701,chunks,document,b'2023-FSAP-Inspection-Report-Processing-Annual-Summary_508.pdf'
2024-10-05T12:26:41.609930,chunks,total_words,1318
2024-10-05T12:26:41.609930,chunks,num_chunks,3
2024-10-05T12:26:41.609930,chunks,avg_chunk_size,3316.3333333333335
2024-10-05T12:26:41.609930,chunks,max_chunk_size,3627
2024-10-05T12:26:41.609930,chunks,min_chunk_size,2825
2024-10-05T12:26:41.609930,chunks,document,b'2023-FSAP-Inspection-Report-Processing-Annual-Summary_508.pdf'
2024-10-05T12:26:42.681383,chunks,total_words,1318
2024-10-05T12:26:42.681383,chunks,num_chunks,3
2024-10-05T12:26:42.681383,chunks,avg_chunk_size,3316.3333333333335
2024-10-05T12:26:42.681383,chunks,max_chunk_size,3627
2024-10-05T12:26:42.681383,chunks,min_chunk_size,2825
2024-10-05T12:26:42.681383,chunks,document,b'2023-FSAP-Inspection-Report-Processing-Annual-Summary_508.pdf'
2024-10-05T12:26:43.219384,chunks,total_words,1318
2024-10-05T12:26:43.219384,chunks,num_chunks,3
2024-10-05T12:26:43.219384,chunks,avg_chunk_size,3316.3333333333335
2024-10-05T12:26:43.219384,chunks,max_chunk_size,3627
2024-10-05T12:26:43.219384,chunks,min_chunk_size,2825
2024-10-05T12:26:43.219384,chunks,document,b'2023-FSAP-Inspection-Report-Processing-Annual-Summary_508.pdf'
2024-10-05T12:26:45.378510,chunks,total_words,1318
2024-10-05T12:26:45.378510,chunks,num_chunks,3
2024-10-05T12:26:45.378510,chunks,avg_chunk_size,3316.3333333333335
2024-10-05T12:26:45.378510,chunks,max_chunk_size,3627
2024-10-05T12:26:45.378510,chunks,min_chunk_size,2825
2024-10-05T12:26:45.378510,chunks,document,b'2023-FSAP-Inspection-Report-Processing-Annual-Summary_508.pdf'
2024-10-05T12:26:47.467536,chunks,total_words,1318
2024-10-05T12:26:47.467536,chunks,num_chunks,3
2024-10-05T12:26:47.467536,chunks,avg_chunk_size,3316.3333333333335
2024-10-05T12:26:47.467536,chunks,max_chunk_size,3627
2024-10-05T12:26:47.467536,chunks,min_chunk_size,2825
2024-10-05T12:26:47.467536,chunks,document,b'2023-FSAP-Inspection-Report-Processing-Annual-Summary_508.pdf'
2024-10-05T12:26:49.339444,chunks,total_words,1318
2024-10-05T12:26:49.339444,chunks,num_chunks,3
2024-10-05T12:26:49.339444,chunks,avg_chunk_size,3316.3333333333335
2024-10-05T12:26:49.339444,chunks,max_chunk_size,3627
2024-10-05T12:26:49.339444,chunks,min_chunk_size,2825
2024-10-05T12:26:49.339444,chunks,document,b'2023-FSAP-Inspection-Report-Processing-Annual-Summary_508.pdf'
2024-10-05T12:26:52.381367,chunks,total_words,1318
2024-10-05T12:26:52.381367,chunks,num_chunks,3
2024-10-05T12:26:52.381367,chunks,avg_chunk_size,3316.3333333333335
2024-10-05T12:26:52.381367,chunks,max_chunk_size,3627
2024-10-05T12:26:52.381367,chunks,min_chunk_size,2825
2024-10-05T12:26:52.381367,chunks,document,b'2023-FSAP-Inspection-Report-Processing-Annual-Summary_508.pdf'
2024-10-05T12:27:10.486345,chunks,total_words,1318
2024-10-05T12:27:10.486345,chunks,num_chunks,3
2024-10-05T12:27:10.486345,chunks,avg_chunk_size,3316.3333333333335
2024-10-05T12:27:10.486345,chunks,max_chunk_size,3627
2024-10-05T12:27:10.486345,chunks,min_chunk_size,2825
2024-10-05T12:27:10.486345,chunks,document,b'2023-FSAP-Inspection-Report-Processing-Annual-Summary_508.pdf'
2024-10-05T12:41:21.385649,chunks,total_words,1318
2024-10-05T12:41:21.385649,chunks,num_chunks,3
2024-10-05T12:41:21.385649,chunks,avg_chunk_size,3316.3333333333335
2024-10-05T12:41:21.385649,chunks,max_chunk_size,3627
2024-10-05T12:41:21.385649,chunks,min_chunk_size,2825
2024-10-05T12:41:21.385649,chunks,document,b'2023-FSAP-Inspection-Report-Processing-Annual-Summary_508.pdf'
2024-10-05T12:48:08.163339,embeddings,num_embeddings,3
2024-10-05T12:48:08.163339,embeddings,embedding_dimension,1536
2024-10-05T12:48:08.163339,embeddings,embedding_generation_start_time,1728146887.436151
2024-10-05T12:48:08.163339,embeddings,embedding_generation_end_time,1728146888.1633399
2024-10-05T12:48:08.163339,embeddings,embedding_generation_time,0.7271888256072998
2024-10-05T12:48:08.355719,chunks,total_words,1318
2024-10-05T12:48:08.355719,chunks,num_chunks,3
2024-10-05T12:48:08.355719,chunks,avg_chunk_size,3316.3333333333335
2024-10-05T12:48:08.355719,chunks,max_chunk_size,3627
2024-10-05T12:48:08.355719,chunks,min_chunk_size,2825
2024-10-05T12:48:08.355719,chunks,document,b'2023-FSAP-Inspection-Report-Processing-Annual-Summary_508.pdf'
2024-10-05T12:48:12.591110,chunks,total_words,1318
2024-10-05T12:48:12.591110,chunks,num_chunks,3
2024-10-05T12:48:12.591110,chunks,avg_chunk_size,3316.3333333333335
2024-10-05T12:48:12.591110,chunks,max_chunk_size,3627
2024-10-05T12:48:12.591110,chunks,min_chunk_size,2825
2024-10-05T12:48:12.591110,chunks,document,b'2023-FSAP-Inspection-Report-Processing-Annual-Summary_508.pdf'
2024-10-05T12:48:16.937017,embeddings,num_embeddings,2
2024-10-05T12:48:16.937017,embeddings,embedding_dimension,1536
2024-10-05T12:48:16.937017,embeddings,embedding_generation_start_time,1728146896.4492908
2024-10-05T12:48:16.937017,embeddings,embedding_generation_end_time,1728146896.9370174
2024-10-05T12:48:16.937017,embeddings,embedding_generation_time,0.48772668838500977
2024-10-05T12:48:17.051237,chunks,total_words,538
2024-10-05T12:48:17.051237,chunks,num_chunks,2
2024-10-05T12:48:17.051237,chunks,avg_chunk_size,5249.5
2024-10-05T12:48:17.051237,chunks,max_chunk_size,8877
2024-10-05T12:48:17.051237,chunks,min_chunk_size,1622
2024-10-05T12:48:17.051237,chunks,document,b'Application of Multi-Criteria Decision Analysis Techniques for Informing Select Agent Designation and Decision Making.pdf'
2024-10-05T12:48:19.349713,chunks,total_words,538
2024-10-05T12:48:19.349713,chunks,num_chunks,2
2024-10-05T12:48:19.349713,chunks,avg_chunk_size,5249.5
2024-10-05T12:48:19.349713,chunks,max_chunk_size,8877
2024-10-05T12:48:19.349713,chunks,min_chunk_size,1622
2024-10-05T12:48:19.349713,chunks,document,b'Application of Multi-Criteria Decision Analysis Techniques for Informing Select Agent Designation and Decision Making.pdf'
2024-10-05T12:48:25.459467,embeddings,num_embeddings,10
2024-10-05T12:48:25.459467,embeddings,embedding_dimension,1536
2024-10-05T12:48:25.459467,embeddings,embedding_generation_start_time,1728146903.9840207
2024-10-05T12:48:25.459467,embeddings,embedding_generation_end_time,1728146905.4594672
2024-10-05T12:48:25.459467,embeddings,embedding_generation_time,1.4754464626312256
2024-10-05T12:48:25.565004,chunks,total_words,4300
2024-10-05T12:48:25.565004,chunks,num_chunks,10
2024-10-05T12:48:25.565004,chunks,avg_chunk_size,3527.9
2024-10-05T12:48:25.565004,chunks,max_chunk_size,5148
2024-10-05T12:48:25.565004,chunks,min_chunk_size,1770
2024-10-05T12:48:25.565004,chunks,document,b'Biosafety_Guidance.txt'
2024-10-05T12:48:34.399338,chunks,total_words,4300
2024-10-05T12:48:34.399338,chunks,num_chunks,10
2024-10-05T12:48:34.399338,chunks,avg_chunk_size,3527.9
2024-10-05T12:48:34.399338,chunks,max_chunk_size,5148
2024-10-05T12:48:34.399338,chunks,min_chunk_size,1770
2024-10-05T12:48:34.399338,chunks,document,b'Biosafety_Guidance.txt'
2024-10-05T12:54:26.321102,embeddings,num_embeddings,3
2024-10-05T12:54:26.321102,embeddings,embedding_dimension,1536
2024-10-05T12:54:26.321102,embeddings,embedding_generation_start_time,1728147265.753129
2024-10-05T12:54:26.321102,embeddings,embedding_generation_end_time,1728147266.3211024
2024-10-05T12:54:26.321102,embeddings,embedding_generation_time,0.5679733753204346
2024-10-05T12:54:26.521116,chunks,total_words,1318
2024-10-05T12:54:26.521116,chunks,num_chunks,3
2024-10-05T12:54:26.521116,chunks,avg_chunk_size,3316.3333333333335
2024-10-05T12:54:26.521116,chunks,max_chunk_size,3627
2024-10-05T12:54:26.521116,chunks,min_chunk_size,2825
2024-10-05T12:54:26.521116,chunks,document,b'2023-FSAP-Inspection-Report-Processing-Annual-Summary_508.pdf'
2024-10-05T12:54:44.707637,chunks,total_words,1318
2024-10-05T12:54:44.707637,chunks,num_chunks,3
2024-10-05T12:54:44.707637,chunks,avg_chunk_size,3316.3333333333335
2024-10-05T12:54:44.707637,chunks,max_chunk_size,3627
2024-10-05T12:54:44.707637,chunks,min_chunk_size,2825
2024-10-05T12:54:44.707637,chunks,document,b'2023-FSAP-Inspection-Report-Processing-Annual-Summary_508.pdf'
2024-10-05T12:54:57.417710,embeddings,num_embeddings,2
2024-10-05T12:54:57.417710,embeddings,embedding_dimension,1536
2024-10-05T12:54:57.417710,embeddings,embedding_generation_start_time,1728147296.979769
2024-10-05T12:54:57.417710,embeddings,embedding_generation_end_time,1728147297.4177105
2024-10-05T12:54:57.417710,embeddings,embedding_generation_time,0.4379415512084961
2024-10-05T12:54:57.518680,chunks,total_words,538
2024-10-05T12:54:57.518680,chunks,num_chunks,2
2024-10-05T12:54:57.518680,chunks,avg_chunk_size,5249.5
2024-10-05T12:54:57.518680,chunks,max_chunk_size,8877
2024-10-05T12:54:57.518680,chunks,min_chunk_size,1622
2024-10-05T12:54:57.518680,chunks,document,b'Application of Multi-Criteria Decision Analysis Techniques for Informing Select Agent Designation and Decision Making.pdf'
2024-10-05T12:55:00.512269,chunks,total_words,538
2024-10-05T12:55:00.512269,chunks,num_chunks,2
2024-10-05T12:55:00.512269,chunks,avg_chunk_size,5249.5
2024-10-05T12:55:00.512269,chunks,max_chunk_size,8877
2024-10-05T12:55:00.512269,chunks,min_chunk_size,1622
2024-10-05T12:55:00.512269,chunks,document,b'Application of Multi-Criteria Decision Analysis Techniques for Informing Select Agent Designation and Decision Making.pdf'
2024-10-05T12:55:03.839095,embeddings,num_embeddings,10
2024-10-05T12:55:03.839095,embeddings,embedding_dimension,1536
2024-10-05T12:55:03.839095,embeddings,embedding_generation_start_time,1728147302.4157102
2024-10-05T12:55:03.839095,embeddings,embedding_generation_end_time,1728147303.8390954
2024-10-05T12:55:03.839095,embeddings,embedding_generation_time,1.4233851432800293
2024-10-05T12:55:03.947096,chunks,total_words,4300
2024-10-05T12:55:03.947096,chunks,num_chunks,10
2024-10-05T12:55:03.947096,chunks,avg_chunk_size,3527.9
2024-10-05T12:55:03.947096,chunks,max_chunk_size,5148
2024-10-05T12:55:03.947096,chunks,min_chunk_size,1770
2024-10-05T12:55:03.947096,chunks,document,b'Biosafety_Guidance.txt'
2024-10-05T12:55:27.055111,chunks,total_words,4300
2024-10-05T12:55:27.055111,chunks,num_chunks,10
2024-10-05T12:55:27.055111,chunks,avg_chunk_size,3527.9
2024-10-05T12:55:27.055111,chunks,max_chunk_size,5148
2024-10-05T12:55:27.055111,chunks,min_chunk_size,1770
2024-10-05T12:55:27.055111,chunks,document,b'Biosafety_Guidance.txt'
2024-10-05T13:18:47.487229,embeddings,num_embeddings,3
2024-10-05T13:18:47.487229,embeddings,embedding_dimension,1536
2024-10-05T13:18:47.487229,embeddings,embedding_generation_start_time,1728148726.7440503
2024-10-05T13:18:47.487229,embeddings,embedding_generation_end_time,1728148727.4862387
2024-10-05T13:18:47.487229,embeddings,embedding_generation_time,0.7421884536743164
2024-10-05T13:18:47.642407,chunks,total_words,1318
2024-10-05T13:18:47.642407,chunks,num_chunks,3
2024-10-05T13:18:47.642407,chunks,avg_chunk_size,3316.3333333333335
2024-10-05T13:18:47.642407,chunks,max_chunk_size,3627
2024-10-05T13:18:47.642407,chunks,min_chunk_size,2825
2024-10-05T13:18:47.642407,chunks,document,b'2023-FSAP-Inspection-Report-Processing-Annual-Summary_508.pdf'
2024-10-05T13:18:49.750278,chunks,total_words,1318
2024-10-05T13:18:49.750278,chunks,num_chunks,3
2024-10-05T13:18:49.750278,chunks,avg_chunk_size,3316.3333333333335
2024-10-05T13:18:49.750278,chunks,max_chunk_size,3627
2024-10-05T13:18:49.750278,chunks,min_chunk_size,2825
2024-10-05T13:18:49.750278,chunks,document,b'2023-FSAP-Inspection-Report-Processing-Annual-Summary_508.pdf'
2024-10-05T13:18:59.152127,embeddings,num_embeddings,2
2024-10-05T13:18:59.152127,embeddings,embedding_dimension,1536
2024-10-05T13:18:59.152127,embeddings,embedding_generation_start_time,1728148738.7133625
2024-10-05T13:18:59.152127,embeddings,embedding_generation_end_time,1728148739.152127
2024-10-05T13:18:59.152127,embeddings,embedding_generation_time,0.4387645721435547
2024-10-05T13:18:59.334090,chunks,total_words,538
2024-10-05T13:18:59.334090,chunks,num_chunks,2
2024-10-05T13:18:59.334090,chunks,avg_chunk_size,5249.5
2024-10-05T13:18:59.334090,chunks,max_chunk_size,8877
2024-10-05T13:18:59.334090,chunks,min_chunk_size,1622
2024-10-05T13:18:59.334090,chunks,document,b'Application of Multi-Criteria Decision Analysis Techniques for Informing Select Agent Designation and Decision Making.pdf'
2024-10-05T13:19:01.893410,chunks,total_words,538
2024-10-05T13:19:01.893410,chunks,num_chunks,2
2024-10-05T13:19:01.893410,chunks,avg_chunk_size,5249.5
2024-10-05T13:19:01.893410,chunks,max_chunk_size,8877
2024-10-05T13:19:01.893410,chunks,min_chunk_size,1622
2024-10-05T13:19:01.893410,chunks,document,b'Application of Multi-Criteria Decision Analysis Techniques for Informing Select Agent Designation and Decision Making.pdf'
2024-10-05T13:19:04.380488,embeddings,num_embeddings,10
2024-10-05T13:19:04.380488,embeddings,embedding_dimension,1536
2024-10-05T13:19:04.380488,embeddings,embedding_generation_start_time,1728148742.980489
2024-10-05T13:19:04.380488,embeddings,embedding_generation_end_time,1728148744.3804886
2024-10-05T13:19:04.380488,embeddings,embedding_generation_time,1.3999996185302734
2024-10-05T13:19:04.486214,chunks,total_words,4300
2024-10-05T13:19:04.486214,chunks,num_chunks,10
2024-10-05T13:19:04.486214,chunks,avg_chunk_size,3527.9
2024-10-05T13:19:04.486214,chunks,max_chunk_size,5148
2024-10-05T13:19:04.486214,chunks,min_chunk_size,1770
2024-10-05T13:19:04.486214,chunks,document,b'Biosafety_Guidance.txt'
2024-10-05T13:19:08.843070,chunks,total_words,4300
2024-10-05T13:19:08.843070,chunks,num_chunks,10
2024-10-05T13:19:08.843070,chunks,avg_chunk_size,3527.9
2024-10-05T13:19:08.843070,chunks,max_chunk_size,5148
2024-10-05T13:19:08.843070,chunks,min_chunk_size,1770
2024-10-05T13:19:08.843070,chunks,document,b'Biosafety_Guidance.txt'
2024-10-05T13:38:56.762693,chunks,total_words,538
2024-10-05T13:38:56.762693,chunks,num_chunks,2
2024-10-05T13:38:56.762693,chunks,avg_chunk_size,5249.5
2024-10-05T13:38:56.762693,chunks,max_chunk_size,8877
2024-10-05T13:38:56.762693,chunks,min_chunk_size,1622
2024-10-05T13:38:56.762693,chunks,document,b'Application of Multi-Criteria Decision Analysis Techniques for Informing Select Agent Designation and Decision Making.pdf'
2024-10-05T14:01:39.399352,chunks,total_words,538
2024-10-05T14:01:39.399352,chunks,num_chunks,2
2024-10-05T14:01:39.399352,chunks,avg_chunk_size,5249.5
2024-10-05T14:01:39.399352,chunks,max_chunk_size,8877
2024-10-05T14:01:39.399352,chunks,min_chunk_size,1622
2024-10-05T14:01:39.399352,chunks,document,b'Application of Multi-Criteria Decision Analysis Techniques for Informing Select Agent Designation and Decision Making.pdf'
2024-10-05T14:02:00.036824,chunks,total_words,538
2024-10-05T14:02:00.036824,chunks,num_chunks,2
2024-10-05T14:02:00.036824,chunks,avg_chunk_size,5249.5
2024-10-05T14:02:00.036824,chunks,max_chunk_size,8877
2024-10-05T14:02:00.036824,chunks,min_chunk_size,1622
2024-10-05T14:02:00.036824,chunks,document,b'Application of Multi-Criteria Decision Analysis Techniques for Informing Select Agent Designation and Decision Making.pdf'
2024-10-05T14:02:57.990866,chunks,total_words,538
2024-10-05T14:02:57.990866,chunks,num_chunks,2
2024-10-05T14:02:57.990866,chunks,avg_chunk_size,5249.5
2024-10-05T14:02:57.990866,chunks,max_chunk_size,8877
2024-10-05T14:02:57.990866,chunks,min_chunk_size,1622
2024-10-05T14:02:57.990866,chunks,document,b'Application of Multi-Criteria Decision Analysis Techniques for Informing Select Agent Designation and Decision Making.pdf'
2024-10-05T14:11:28.873176,chunks,total_words,538
2024-10-05T14:11:28.873176,chunks,num_chunks,2
2024-10-05T14:11:28.873176,chunks,avg_chunk_size,5249.5
2024-10-05T14:11:28.873176,chunks,max_chunk_size,8877
2024-10-05T14:11:28.873176,chunks,min_chunk_size,1622
2024-10-05T14:11:28.873176,chunks,document,b'Application of Multi-Criteria Decision Analysis Techniques for Informing Select Agent Designation and Decision Making.pdf'
2024-10-05T14:11:58.234862,chunks,total_words,538
2024-10-05T14:11:58.234862,chunks,num_chunks,2
2024-10-05T14:11:58.234862,chunks,avg_chunk_size,5249.5
2024-10-05T14:11:58.234862,chunks,max_chunk_size,8877
2024-10-05T14:11:58.234862,chunks,min_chunk_size,1622
2024-10-05T14:11:58.234862,chunks,document,b'Application of Multi-Criteria Decision Analysis Techniques for Informing Select Agent Designation and Decision Making.pdf'
2024-10-05T14:12:30.013249,embeddings,num_embeddings,2
2024-10-05T14:12:30.013249,embeddings,embedding_dimension,1536
2024-10-05T14:12:30.013249,embeddings,embedding_generation_start_time,1728151949.0612411
2024-10-05T14:12:30.013249,embeddings,embedding_generation_end_time,1728151950.013249
2024-10-05T14:12:30.013249,embeddings,embedding_generation_time,0.9520077705383301
2024-10-05T14:12:30.115144,chunks,total_words,538
2024-10-05T14:12:30.115144,chunks,num_chunks,2
2024-10-05T14:12:30.115144,chunks,avg_chunk_size,5249.5
2024-10-05T14:12:30.115144,chunks,max_chunk_size,8877
2024-10-05T14:12:30.115144,chunks,min_chunk_size,1622
2024-10-05T14:12:30.115144,chunks,document,b'Application of Multi-Criteria Decision Analysis Techniques for Informing Select Agent Designation and Decision Making.pdf'
2024-10-05T14:13:02.000434,chunks,total_words,538
2024-10-05T14:13:02.000434,chunks,num_chunks,2
2024-10-05T14:13:02.000434,chunks,avg_chunk_size,5249.5
2024-10-05T14:13:02.000434,chunks,max_chunk_size,8877
2024-10-05T14:13:02.000434,chunks,min_chunk_size,1622
2024-10-05T14:13:02.000434,chunks,document,b'Application of Multi-Criteria Decision Analysis Techniques for Informing Select Agent Designation and Decision Making.pdf'
2024-10-05T14:13:58.067085,chunks,total_words,278834
2024-10-05T14:13:58.067085,chunks,num_chunks,620
2024-10-05T14:13:58.067085,chunks,avg_chunk_size,2794.648387096774
2024-10-05T14:13:58.067085,chunks,max_chunk_size,29861
2024-10-05T14:13:58.067085,chunks,min_chunk_size,1197
2024-10-05T14:13:58.067085,chunks,document,"['apache-tika-809129840950454362.tmp', 'apache-tika-2963242600387943534.tmp', 'apache-tika-3358677677480764900.tmp', 'apache-tika-3423902594164003282.tmp', 'apache-tika-5850421682729824041.tmp', 'apache-tika-7052936004361775694.tmp', 'apache-tika-7502460687747508663.tmp']"
2024-10-05T15:23:31.827166,embeddings,num_embeddings,2
2024-10-05T15:23:31.827166,embeddings,embedding_dimension,1536
2024-10-05T15:23:31.827166,embeddings,embedding_generation_start_time,1728156210.7280846
2024-10-05T15:23:31.827166,embeddings,embedding_generation_end_time,1728156211.8271658
2024-10-05T15:23:31.827166,embeddings,embedding_generation_time,1.09908127784729
2024-10-05T15:23:31.940523,chunks,total_words,538
2024-10-05T15:23:31.940523,chunks,num_chunks,2
2024-10-05T15:23:31.940523,chunks,avg_chunk_size,5249.5
2024-10-05T15:23:31.940523,chunks,max_chunk_size,8877
2024-10-05T15:23:31.940523,chunks,min_chunk_size,1622
2024-10-05T15:23:31.940523,chunks,document,b'Application of Multi-Criteria Decision Analysis Techniques for Informing Select Agent Designation and Decision Making.pdf'
2024-10-05T15:23:33.842215,chunks,total_words,538
2024-10-05T15:23:33.842215,chunks,num_chunks,2
2024-10-05T15:23:33.842215,chunks,avg_chunk_size,5249.5
2024-10-05T15:23:33.842215,chunks,max_chunk_size,8877
2024-10-05T15:23:33.842215,chunks,min_chunk_size,1622
2024-10-05T15:23:33.842215,chunks,document,b'Application of Multi-Criteria Decision Analysis Techniques for Informing Select Agent Designation and Decision Making.pdf'
2024-10-05T15:33:32.229377,embeddings,num_embeddings,21
2024-10-05T15:33:32.229377,embeddings,embedding_dimension,1536
2024-10-05T15:33:32.229377,embeddings,embedding_generation_start_time,1728156808.8849623
2024-10-05T15:33:32.229377,embeddings,embedding_generation_end_time,1728156812.2293775
2024-10-05T15:33:32.229377,embeddings,embedding_generation_time,3.3444151878356934
2024-10-05T15:33:32.362513,chunks,total_words,9038
2024-10-05T15:33:32.362513,chunks,num_chunks,21
2024-10-05T15:33:32.362513,chunks,avg_chunk_size,3464.3333333333335
2024-10-05T15:33:32.362513,chunks,max_chunk_size,8321
2024-10-05T15:33:32.362513,chunks,min_chunk_size,323
2024-10-05T15:33:32.362513,chunks,document,b'FSAP_Annual_Report_2022_508.pdf'
2024-10-05T15:33:35.687174,chunks,total_words,9038
2024-10-05T15:33:35.687174,chunks,num_chunks,21
2024-10-05T15:33:35.687174,chunks,avg_chunk_size,3464.3333333333335
2024-10-05T15:33:35.687174,chunks,max_chunk_size,8321
2024-10-05T15:33:35.687174,chunks,min_chunk_size,323
2024-10-05T15:33:35.687174,chunks,document,b'FSAP_Annual_Report_2022_508.pdf'
2024-10-05T15:38:42.756413,chunks,total_words,9038
2024-10-05T15:38:42.756413,chunks,num_chunks,21
2024-10-05T15:38:42.756413,chunks,avg_chunk_size,3464.3333333333335
2024-10-05T15:38:42.756413,chunks,max_chunk_size,8321
2024-10-05T15:38:42.756413,chunks,min_chunk_size,323
2024-10-05T15:38:42.756413,chunks,document,b'FSAP_Annual_Report_2022_508.pdf'
2024-10-05T20:02:53.992112,embeddings,num_embeddings,21
2024-10-05T20:02:53.992112,embeddings,embedding_dimension,1536
2024-10-05T20:02:53.992112,embeddings,embedding_generation_start_time,1728172969.7142262
2024-10-05T20:02:53.992112,embeddings,embedding_generation_end_time,1728172973.9921126
2024-10-05T20:02:53.992112,embeddings,embedding_generation_time,4.277886390686035
2024-10-05T20:02:54.177390,chunks,total_words,9038
2024-10-05T20:02:54.177390,chunks,num_chunks,21
2024-10-05T20:02:54.177390,chunks,avg_chunk_size,3464.3333333333335
2024-10-05T20:02:54.177390,chunks,max_chunk_size,8321
2024-10-05T20:02:54.177390,chunks,min_chunk_size,323
2024-10-05T20:02:54.177390,chunks,document,b'FSAP_Annual_Report_2022_508.pdf'
2024-10-05T20:02:59.565679,chunks,total_words,9038
2024-10-05T20:02:59.565679,chunks,num_chunks,21
2024-10-05T20:02:59.565679,chunks,avg_chunk_size,3464.3333333333335
2024-10-05T20:02:59.565679,chunks,max_chunk_size,8321
2024-10-05T20:02:59.565679,chunks,min_chunk_size,323
2024-10-05T20:02:59.565679,chunks,document,b'FSAP_Annual_Report_2022_508.pdf'
2024-10-05T20:03:04.165800,chunks,total_words,9038
2024-10-05T20:03:04.165800,chunks,num_chunks,21
2024-10-05T20:03:04.165800,chunks,avg_chunk_size,3464.3333333333335
2024-10-05T20:03:04.165800,chunks,max_chunk_size,8321
2024-10-05T20:03:04.165800,chunks,min_chunk_size,323
2024-10-05T20:03:04.165800,chunks,document,b'FSAP_Annual_Report_2022_508.pdf'
2024-10-05T21:56:09.883899,embeddings,num_embeddings,21
2024-10-05T21:56:09.883899,embeddings,embedding_dimension,1536
2024-10-05T21:56:09.883899,embeddings,embedding_generation_start_time,1728179712.6980565
2024-10-05T21:56:09.883899,embeddings,embedding_generation_end_time,1728179769.8838992
2024-10-05T21:56:09.883899,embeddings,embedding_generation_time,57.185842752456665
2024-10-05T21:56:10.045190,chunks,total_words,9038
2024-10-05T21:56:10.045190,chunks,num_chunks,21
2024-10-05T21:56:10.045190,chunks,avg_chunk_size,3464.3333333333335
2024-10-05T21:56:10.045190,chunks,max_chunk_size,8321
2024-10-05T21:56:10.045190,chunks,min_chunk_size,323
2024-10-05T21:56:10.045190,chunks,document,b'FSAP_Annual_Report_2022_508.pdf'
2024-10-05T21:56:12.751647,chunks,total_words,9038
2024-10-05T21:56:12.751647,chunks,num_chunks,21
2024-10-05T21:56:12.751647,chunks,avg_chunk_size,3464.3333333333335
2024-10-05T21:56:12.751647,chunks,max_chunk_size,8321
2024-10-05T21:56:12.751647,chunks,min_chunk_size,323
2024-10-05T21:56:12.751647,chunks,document,b'FSAP_Annual_Report_2022_508.pdf'
2024-10-05T21:56:17.010608,chunks,total_words,9038
2024-10-05T21:56:17.010608,chunks,num_chunks,21
2024-10-05T21:56:17.010608,chunks,avg_chunk_size,3464.3333333333335
2024-10-05T21:56:17.010608,chunks,max_chunk_size,8321
2024-10-05T21:56:17.010608,chunks,min_chunk_size,323
2024-10-05T21:56:17.010608,chunks,document,b'FSAP_Annual_Report_2022_508.pdf'
2024-10-08T10:38:12.066659,embeddings,num_embeddings,2
2024-10-08T10:38:12.066659,embeddings,embedding_dimension,1536
2024-10-08T10:38:12.066659,embeddings,embedding_generation_start_time,1728398291.3525643
2024-10-08T10:38:12.066659,embeddings,embedding_generation_end_time,1728398292.0656538
2024-10-08T10:38:12.066659,embeddings,embedding_generation_time,0.7130894660949707
2024-10-08T10:38:12.373022,chunks,total_words,538
2024-10-08T10:38:12.373022,chunks,num_chunks,2
2024-10-08T10:38:12.373022,chunks,avg_chunk_size,5249.5
2024-10-08T10:38:12.373022,chunks,max_chunk_size,8877
2024-10-08T10:38:12.373022,chunks,min_chunk_size,1622
2024-10-08T10:38:12.373022,chunks,document,b'Application of Multi-Criteria Decision Analysis Techniques for Informing Select Agent Designation and Decision Making.pdf'
2024-10-08T10:38:16.815508,chunks,total_words,538
2024-10-08T10:38:16.815508,chunks,num_chunks,2
2024-10-08T10:38:16.815508,chunks,avg_chunk_size,5249.5
2024-10-08T10:38:16.815508,chunks,max_chunk_size,8877
2024-10-08T10:38:16.815508,chunks,min_chunk_size,1622
2024-10-08T10:38:16.815508,chunks,document,b'Application of Multi-Criteria Decision Analysis Techniques for Informing Select Agent Designation and Decision Making.pdf'
2024-10-08T10:38:30.377413,chunks,total_words,538
2024-10-08T10:38:30.377413,chunks,num_chunks,2
2024-10-08T10:38:30.377413,chunks,avg_chunk_size,5249.5
2024-10-08T10:38:30.377413,chunks,max_chunk_size,8877
2024-10-08T10:38:30.377413,chunks,min_chunk_size,1622
2024-10-08T10:38:30.377413,chunks,document,b'Application of Multi-Criteria Decision Analysis Techniques for Informing Select Agent Designation and Decision Making.pdf'
2024-10-08T10:42:17.261330,embeddings,num_embeddings,2
2024-10-08T10:42:17.261330,embeddings,embedding_dimension,1536
2024-10-08T10:42:17.261330,embeddings,embedding_generation_start_time,1728398536.7261722
2024-10-08T10:42:17.261330,embeddings,embedding_generation_end_time,1728398537.2613304
2024-10-08T10:42:17.261330,embeddings,embedding_generation_time,0.5351581573486328
2024-10-08T10:42:17.549300,chunks,total_words,538
2024-10-08T10:42:17.549300,chunks,num_chunks,2
2024-10-08T10:42:17.549300,chunks,avg_chunk_size,5249.5
2024-10-08T10:42:17.549300,chunks,max_chunk_size,8877
2024-10-08T10:42:17.549300,chunks,min_chunk_size,1622
2024-10-08T10:42:17.549300,chunks,document,b'Application of Multi-Criteria Decision Analysis Techniques for Informing Select Agent Designation and Decision Making.pdf'
2024-10-08T10:42:18.665920,chunks,total_words,538
2024-10-08T10:42:18.665920,chunks,num_chunks,2
2024-10-08T10:42:18.665920,chunks,avg_chunk_size,5249.5
2024-10-08T10:42:18.665920,chunks,max_chunk_size,8877
2024-10-08T10:42:18.665920,chunks,min_chunk_size,1622
2024-10-08T10:42:18.665920,chunks,document,b'Application of Multi-Criteria Decision Analysis Techniques for Informing Select Agent Designation and Decision Making.pdf'
2024-10-08T10:42:58.094717,chunks,total_words,538
2024-10-08T10:42:58.094717,chunks,num_chunks,2
2024-10-08T10:42:58.094717,chunks,avg_chunk_size,5249.5
2024-10-08T10:42:58.094717,chunks,max_chunk_size,8877
2024-10-08T10:42:58.094717,chunks,min_chunk_size,1622
2024-10-08T10:42:58.094717,chunks,document,b'Application of Multi-Criteria Decision Analysis Techniques for Informing Select Agent Designation and Decision Making.pdf'
2024-10-08T12:35:22.001650,embeddings,num_embeddings,2
2024-10-08T12:35:22.001650,embeddings,embedding_dimension,1536
2024-10-08T12:35:22.001650,embeddings,embedding_generation_start_time,1728405321.0304534
2024-10-08T12:35:22.001650,embeddings,embedding_generation_end_time,1728405322.000662
2024-10-08T12:35:22.001650,embeddings,embedding_generation_time,0.9702086448669434
2024-10-08T12:35:22.232616,chunks,total_words,538
2024-10-08T12:35:22.232616,chunks,num_chunks,2
2024-10-08T12:35:22.232616,chunks,avg_chunk_size,5249.5
2024-10-08T12:35:22.232616,chunks,max_chunk_size,8877
2024-10-08T12:35:22.232616,chunks,min_chunk_size,1622
2024-10-08T12:35:22.232616,chunks,document,b'Application of Multi-Criteria Decision Analysis Techniques for Informing Select Agent Designation and Decision Making.pdf'
2024-10-08T12:35:25.382181,chunks,total_words,538
2024-10-08T12:35:25.382181,chunks,num_chunks,2
2024-10-08T12:35:25.382181,chunks,avg_chunk_size,5249.5
2024-10-08T12:35:25.382181,chunks,max_chunk_size,8877
2024-10-08T12:35:25.382181,chunks,min_chunk_size,1622
2024-10-08T12:35:25.382181,chunks,document,b'Application of Multi-Criteria Decision Analysis Techniques for Informing Select Agent Designation and Decision Making.pdf'
2024-10-08T12:35:35.719808,chunks,total_words,538
2024-10-08T12:35:35.719808,chunks,num_chunks,2
2024-10-08T12:35:35.719808,chunks,avg_chunk_size,5249.5
2024-10-08T12:35:35.719808,chunks,max_chunk_size,8877
2024-10-08T12:35:35.719808,chunks,min_chunk_size,1622
2024-10-08T12:35:35.719808,chunks,document,b'Application of Multi-Criteria Decision Analysis Techniques for Informing Select Agent Designation and Decision Making.pdf'
2024-10-08T15:17:07.446201,embeddings,num_embeddings,2
2024-10-08T15:17:07.446201,embeddings,embedding_dimension,1536
2024-10-08T15:17:07.446201,embeddings,embedding_generation_start_time,1728415026.7305226
2024-10-08T15:17:07.446201,embeddings,embedding_generation_end_time,1728415027.4462016
2024-10-08T15:17:07.446201,embeddings,embedding_generation_time,0.7156789302825928
2024-10-08T15:17:07.650914,chunks,total_words,538
2024-10-08T15:17:07.650914,chunks,num_chunks,2
2024-10-08T15:17:07.650914,chunks,avg_chunk_size,5249.5
2024-10-08T15:17:07.650914,chunks,max_chunk_size,8877
2024-10-08T15:17:07.650914,chunks,min_chunk_size,1622
2024-10-08T15:17:07.650914,chunks,document,b'Application of Multi-Criteria Decision Analysis Techniques for Informing Select Agent Designation and Decision Making.pdf'
2024-10-08T15:17:09.898763,chunks,total_words,538
2024-10-08T15:17:09.898763,chunks,num_chunks,2
2024-10-08T15:17:09.898763,chunks,avg_chunk_size,5249.5
2024-10-08T15:17:09.898763,chunks,max_chunk_size,8877
2024-10-08T15:17:09.898763,chunks,min_chunk_size,1622
2024-10-08T15:17:09.898763,chunks,document,b'Application of Multi-Criteria Decision Analysis Techniques for Informing Select Agent Designation and Decision Making.pdf'
2024-10-08T15:25:25.753405,chunks,total_words,538
2024-10-08T15:25:25.753405,chunks,num_chunks,2
2024-10-08T15:25:25.753405,chunks,avg_chunk_size,5249.5
2024-10-08T15:25:25.753405,chunks,max_chunk_size,8877
2024-10-08T15:25:25.753405,chunks,min_chunk_size,1622
2024-10-08T15:25:25.753405,chunks,document,b'Application of Multi-Criteria Decision Analysis Techniques for Informing Select Agent Designation and Decision Making.pdf'
2024-10-08T15:28:54.193013,embeddings,num_embeddings,2
2024-10-08T15:28:54.193013,embeddings,embedding_dimension,1536
2024-10-08T15:28:54.193013,embeddings,embedding_generation_start_time,1728415733.2402637
2024-10-08T15:28:54.193013,embeddings,embedding_generation_end_time,1728415734.1920078
2024-10-08T15:28:54.193013,embeddings,embedding_generation_time,0.9517440795898438
2024-10-08T15:28:54.400107,chunks,total_words,538
2024-10-08T15:28:54.400107,chunks,num_chunks,2
2024-10-08T15:28:54.400107,chunks,avg_chunk_size,5249.5
2024-10-08T15:28:54.400107,chunks,max_chunk_size,8877
2024-10-08T15:28:54.400107,chunks,min_chunk_size,1622
2024-10-08T15:28:54.400107,chunks,document,b'Application of Multi-Criteria Decision Analysis Techniques for Informing Select Agent Designation and Decision Making.pdf'
2024-10-08T15:28:58.351956,chunks,total_words,538
2024-10-08T15:28:58.351956,chunks,num_chunks,2
2024-10-08T15:28:58.351956,chunks,avg_chunk_size,5249.5
2024-10-08T15:28:58.351956,chunks,max_chunk_size,8877
2024-10-08T15:28:58.351956,chunks,min_chunk_size,1622
2024-10-08T15:28:58.351956,chunks,document,b'Application of Multi-Criteria Decision Analysis Techniques for Informing Select Agent Designation and Decision Making.pdf'
2024-10-08T15:29:17.459954,chunks,total_words,538
2024-10-08T15:29:17.459954,chunks,num_chunks,2
2024-10-08T15:29:17.459954,chunks,avg_chunk_size,5249.5
2024-10-08T15:29:17.459954,chunks,max_chunk_size,8877
2024-10-08T15:29:17.459954,chunks,min_chunk_size,1622
2024-10-08T15:29:17.459954,chunks,document,b'Application of Multi-Criteria Decision Analysis Techniques for Informing Select Agent Designation and Decision Making.pdf'
2024-10-08T17:37:29.801332,chunks,total_words,538
2024-10-08T17:37:29.801332,chunks,num_chunks,2
2024-10-08T17:37:29.801332,chunks,avg_chunk_size,5249.5
2024-10-08T17:37:29.801332,chunks,max_chunk_size,8877
2024-10-08T17:37:29.801332,chunks,min_chunk_size,1622
2024-10-08T17:37:29.801332,chunks,document,b'Application of Multi-Criteria Decision Analysis Techniques for Informing Select Agent Designation and Decision Making.pdf'
2024-10-08T17:37:48.423983,chunks,total_words,538
2024-10-08T17:37:48.423983,chunks,num_chunks,2
2024-10-08T17:37:48.423983,chunks,avg_chunk_size,5249.5
2024-10-08T17:37:48.423983,chunks,max_chunk_size,8877
2024-10-08T17:37:48.423983,chunks,min_chunk_size,1622
2024-10-08T17:37:48.423983,chunks,document,b'Application of Multi-Criteria Decision Analysis Techniques for Informing Select Agent Designation and Decision Making.pdf'
2024-10-08T17:38:48.873428,chunks,total_words,538
2024-10-08T17:38:48.873428,chunks,num_chunks,2
2024-10-08T17:38:48.873428,chunks,avg_chunk_size,5249.5
2024-10-08T17:38:48.873428,chunks,max_chunk_size,8877
2024-10-08T17:38:48.873428,chunks,min_chunk_size,1622
2024-10-08T17:38:48.873428,chunks,document,b'Application of Multi-Criteria Decision Analysis Techniques for Informing Select Agent Designation and Decision Making.pdf'
2024-10-08T17:50:54.511062,embeddings,num_embeddings,2
2024-10-08T17:50:54.511062,embeddings,embedding_dimension,1536
2024-10-08T17:50:54.511062,embeddings,embedding_generation_start_time,1728424253.4046767
2024-10-08T17:50:54.511062,embeddings,embedding_generation_end_time,1728424254.5100439
2024-10-08T17:50:54.511062,embeddings,embedding_generation_time,1.1053671836853027
2024-10-08T17:50:54.657011,chunks,total_words,538
2024-10-08T17:50:54.657011,chunks,num_chunks,2
2024-10-08T17:50:54.657011,chunks,avg_chunk_size,5249.5
2024-10-08T17:50:54.657011,chunks,max_chunk_size,8877
2024-10-08T17:50:54.657011,chunks,min_chunk_size,1622
2024-10-08T17:50:54.657011,chunks,document,b'Application of Multi-Criteria Decision Analysis Techniques for Informing Select Agent Designation and Decision Making.pdf'
2024-10-08T17:51:16.293997,chunks,total_words,538
2024-10-08T17:51:16.293997,chunks,num_chunks,2
2024-10-08T17:51:16.293997,chunks,avg_chunk_size,5249.5
2024-10-08T17:51:16.293997,chunks,max_chunk_size,8877
2024-10-08T17:51:16.293997,chunks,min_chunk_size,1622
2024-10-08T17:51:16.293997,chunks,document,b'Application of Multi-Criteria Decision Analysis Techniques for Informing Select Agent Designation and Decision Making.pdf'
2024-10-10T12:52:29.516672,chunks,total_words,538
2024-10-10T12:52:29.516672,chunks,num_chunks,2
2024-10-10T12:52:29.516672,chunks,avg_chunk_size,5249.5
2024-10-10T12:52:29.516672,chunks,max_chunk_size,8877
2024-10-10T12:52:29.516672,chunks,min_chunk_size,1622
2024-10-10T12:52:29.516672,chunks,document,b'Application of Multi-Criteria Decision Analysis Techniques for Informing Select Agent Designation and Decision Making.pdf'
2024-10-10T14:24:45.979950,embeddings,num_embeddings,2
2024-10-10T14:24:45.979950,embeddings,embedding_dimension,384
2024-10-10T14:24:45.979950,embeddings,embedding_generation_start_time,1728584684.9938588
2024-10-10T14:24:45.979950,embeddings,embedding_generation_end_time,1728584685.9799507
2024-10-10T14:24:45.979950,embeddings,embedding_generation_time,0.9860918521881104
2024-10-15T12:54:40.651455,embeddings,num_embeddings,10
2024-10-15T12:54:40.651455,embeddings,embedding_dimension,1536
2024-10-15T12:54:40.651455,embeddings,embedding_generation_start_time,1729011200.7351952
2024-10-15T12:54:40.651455,embeddings,embedding_generation_end_time,1729011280.6514556
2024-10-15T12:54:40.651455,embeddings,embedding_generation_time,79.91626048088074
2024-10-15T14:28:47.785955,embeddings,num_embeddings,10
2024-10-15T14:28:47.785955,embeddings,embedding_dimension,1536
2024-10-15T14:28:47.785955,embeddings,embedding_generation_start_time,1729016865.482535
2024-10-15T14:28:47.785955,embeddings,embedding_generation_end_time,1729016927.7859557
2024-10-15T14:28:47.785955,embeddings,embedding_generation_time,62.30342078208923
